longitude,latitude,housing_median_age,total_rooms,total_bedrooms,population,households,median_income,ocean_proximity,median_house_value
-120.58961720677247,35.00265048395487,42,1434,1182,3840,570,12.490760863719608,<1H OCEAN,474942.20413582044
-114.80482836364445,34.86407049926752,21,5688,1319,513,1423,12.74418183024126,ISLAND,500000.0
-117.00078082421349,41.067855602702956,37,1947,310,2248,1320,8.75255277158689,<1H OCEAN,356793.8582207514
-118.33946881866176,34.88822974058385,27,6951,1096,2337,625,6.044286669792307,NEAR BAY,424221.1790860931
-122.78357284995793,35.099046922870414,29,7311,1730,3815,1474,14.051092051877587,INLAND,500000.0
-122.78381501582452,39.68593764935304,20,7965,1153,3226,1158,6.76569904643047,NEAR OCEAN,446422.52005145256
-123.76684053383127,36.772051917459585,25,3417,734,4058,1731,8.312880825120201,NEAR BAY,371394.28606943047
-115.65359149641965,39.848846340948256,6,6911,967,3554,1164,6.968657453315222,NEAR OCEAN,392715.09111515403
-118.31480528209818,33.15509554268086,36,264,667,962,544,8.689865552422859,<1H OCEAN,330924.1854347227
-117.2409513189277,37.12804493246655,2,7160,1047,546,918,7.322323645388744,ISLAND,488098.671537613
-124.14333167727014,32.856303977724686,22,3157,1710,1513,1459,1.1955295994024002,INLAND,88031.88558670321
-114.61210508429357,33.12956664451489,32,4528,703,4303,182,13.28969869711163,NEAR BAY,500000.0
-115.99227588636377,41.06957643597091,16,502,1979,4317,806,6.943710374278662,INLAND,355028.34240614844
-122.2181153287901,33.85029894221657,18,8705,889,543,929,9.039682903356557,NEAR OCEAN,500000.0
-122.52447732924071,37.550078620209796,5,8336,1090,1476,1731,2.518223139990812,NEAR OCEAN,295301.9542011344
-122.50861872107151,36.408409620472646,36,6449,113,1742,1001,0.5491237957482675,ISLAND,195967.6994689451
-121.29540788068624,35.808500700095706,30,4257,959,1843,1380,4.056706357832823,NEAR OCEAN,250580.35308162894
-119.08144542641233,41.00743178291724,45,967,579,2773,398,10.716497465933578,ISLAND,500000.0
-120.01327201283316,32.74535816365736,19,8310,1795,708,1367,1.9383206866367397,NEAR BAY,327005.48845708236
-121.42605943241166,38.78626094691229,23,464,1902,4811,192,13.678867885603784,ISLAND,500000.0
-118.20699693698731,41.60554162594951,34,7567,232,4512,1019,3.6178272556646762,NEAR OCEAN,255862.24730377516
-122.9494816390535,37.81118260637594,13,6671,455,599,1830,3.4666074072307493,<1H OCEAN,234256.3656872955
-121.4168677287064,41.3554993677314,43,679,871,692,83,3.131865443511685,ISLAND,149486.67728284965
-120.67172709333133,33.03174664408148,29,7774,527,4400,1144,0.7027348380847889,INLAND,129087.86607105209
-119.77105735846095,36.48084513248786,36,8837,855,257,1365,11.691179292934402,<1H OCEAN,500000.0
-116.46683334761414,34.9880848129529,22,6568,670,2547,994,13.188000703056248,ISLAND,500000.0
-122.34527522713006,39.41702528046867,47,4250,224,4240,85,9.405359187934884,INLAND,464338.705956471
-119.18708623832734,41.77400562157909,36,3139,400,1933,1886,3.228899734358003,<1H OCEAN,190988.6007713057
-118.4021577286251,34.95394788760037,9,4237,1116,2936,1600,4.6365309556427565,ISLAND,312860.8915345537
-123.88363785629122,38.69578299987104,39,552,1559,527,1642,7.400937111791968,NEAR BAY,333319.2624455116
-118.25024968690956,34.404098724269154,51,6637,1119,811,477,14.338016298537863,INLAND,500000.0
-122.63793779817959,37.85975769551885,19,1481,1884,239,1622,4.0865948913572705,NEAR BAY,170322.08691691025
-123.69688200642778,36.905604699737246,38,8254,96,805,472,11.108865606838377,NEAR OCEAN,500000.0
-114.82318920597653,41.68657015183277,6,1567,835,1496,1302,6.871999237747345,ISLAND,322492.22892371716
-114.65505438793143,38.26624163607375,47,2838,787,4981,1977,4.818786551220316,ISLAND,199189.7966902241
-116.23369062491074,35.828854961336965,15,7672,429,1713,1760,7.11078108682065,INLAND,428278.95428222325
-121.29167775749936,33.61364133579545,20,9508,1657,1885,1469,1.5324974043478718,ISLAND,162330.53284626539
-123.3693719753759,33.96323265839573,9,6847,125,4278,998,12.080966878490255,NEAR OCEAN,500000.0
-117.48030041381794,34.660232310841124,32,980,1888,4200,1979,4.0278779557530235,ISLAND,229828.67999870176
-119.9308689628544,34.90159628321221,4,3249,570,4110,197,11.01847578629807,<1H OCEAN,500000.0
-123.12473612215841,40.54429710428511,50,8376,1519,4655,1974,1.4910513859988235,NEAR BAY,253105.89963314575
-119.37842382248284,37.821106437738564,18,7992,845,4815,299,14.348929064402448,NEAR OCEAN,500000.0
-124.0047392480032,37.46510847603279,5,4244,1318,3662,363,3.2987172883826297,NEAR OCEAN,233802.38442290373
-115.22042316312903,33.61997508428934,20,1268,107,1739,1060,13.299760105002667,NEAR BAY,500000.0
-121.75184898473583,40.63391451441819,23,3229,1766,1366,315,12.2373615394238,NEAR BAY,500000.0
-117.69827626508602,39.341682593191834,11,3745,900,4879,221,14.53396889918053,NEAR OCEAN,500000.0
-121.22042079606231,33.176759285479015,37,2626,1120,3236,981,7.42941458371337,NEAR BAY,438368.9503186282
-119.12851706737477,39.200728264932124,22,3616,1120,4070,703,11.047260760766298,INLAND,500000.0
-118.86102879539347,37.6546946251943,4,3467,1485,4404,1962,5.875304527047868,NEAR BAY,312233.979345564
-122.4940612665237,33.30903550347718,29,7438,559,1195,1817,3.1733394512855604,<1H OCEAN,291701.5786379214
-114.61537033724383,36.852609036784656,44,3655,264,4444,1237,6.924601027535008,<1H OCEAN,344807.7746981339
-116.56766645345441,37.10099206189374,34,5211,597,610,1192,2.9033607231325957,INLAND,200340.40497481936
-114.91743062669555,34.099938422936425,13,6852,1821,1962,394,14.739647030402567,NEAR BAY,500000.0
-115.3659334017064,41.43901956327266,42,545,1425,1914,1931,1.8955741215403874,<1H OCEAN,66776.48011163168
-118.3470842127367,40.538268245633034,9,6464,1001,346,54,9.043569990062997,ISLAND,468192.5607244815
-115.09438268036791,38.83550019426691,42,3726,736,2459,1412,9.583725901183811,NEAR BAY,500000.0
-123.46153527939872,36.890201229015716,31,4116,1613,2686,48,8.302153371673786,INLAND,463161.61439282016
-122.38233206131177,36.41471374631023,7,3975,1756,1511,794,10.101695342821587,NEAR BAY,500000.0
-123.8959180193382,38.66566032589048,4,5597,1780,4342,240,2.1846212376724186,NEAR OCEAN,260308.04205401771
-121.08368347913682,37.67251389111898,19,6338,161,2318,72,8.54776860097672,NEAR OCEAN,500000.0
-120.4476800115176,33.125989926348545,42,361,912,1044,1976,4.664582281346743,<1H OCEAN,242370.50269068917
-121.62565572099008,37.362649924928824,30,5092,1411,57,810,14.132552917865322,NEAR OCEAN,500000.0
-116.02947540811464,40.12825803816102,31,4125,1127,2641,1396,11.550038974876022,INLAND,500000.0
-120.76819659999636,36.861447248187375,35,8383,1186,2565,1435,14.601459991316268,<1H OCEAN,500000.0
-121.5294175227387,33.028911394785666,21,4322,371,4465,95,1.0445630112327484,INLAND,101118.91912232977
-118.90133132509118,39.93887785620375,31,4275,564,1467,513,4.634431040120276,INLAND,268430.0214576484
-122.93512078125337,34.43483318989952,19,9274,932,2366,1731,3.3336275062560605,NEAR OCEAN,366444.72056851594
-116.29594231322945,34.97362205629644,31,3543,171,3982,1565,0.6617415160215423,NEAR OCEAN,96404.19666514994
-123.6015115374551,34.0898867857979,32,5111,1201,1337,136,4.013723088571661,INLAND,293347.5010578543
-114.44165515653081,35.64732376044079,2,793,1489,2894,299,10.342251761046219,NEAR OCEAN,474389.9445721138
-116.59666251626156,39.66103166853006,10,8447,672,1168,1773,3.850789370951244,NEAR OCEAN,365478.74479596014
-122.3548945573969,37.427420937932055,2,1912,977,602,1218,7.880549959497964,NEAR OCEAN,439994.51346401765
-124.29455794407903,34.46793278975821,2,5824,782,710,765,13.373362666992481,NEAR BAY,500000.0
-116.16276725831347,40.80038103541071,24,1507,1346,765,968,10.559489845061591,INLAND,500000.0
-117.25315226776992,40.816865255093894,17,8132,643,3635,783,6.222121513637464,ISLAND,435238.67485063814
-117.0307680328685,40.732142979682926,32,9508,675,3811,314,5.90079961422557,INLAND,467894.38699277776
-116.60644571927311,34.787072349100285,16,1510,469,2579,1037,7.108169303123028,<1H OCEAN,349374.3581160194
-123.60659169658973,36.7861622287431,16,3597,740,4020,1494,3.0671008953686423,NEAR OCEAN,226941.72007275562
-120.7510040854155,41.808752664285635,46,4472,1267,3457,1877,9.693011127531827,NEAR OCEAN,445291.8942027148
-123.18667464236769,39.80463740207701,39,7494,62,1508,1561,5.78021587701678,ISLAND,420952.9180386921
-115.68444160420904,32.79564543373252,31,651,283,3317,1064,12.859297564299633,<1H OCEAN,455450.33165359497
-118.09208680665132,33.15357520376123,43,9468,1799,904,1116,11.470013570838336,NEAR BAY,500000.0
-121.0277838304794,36.905594255804054,24,4432,1046,4810,861,9.35244087933632,INLAND,481828.61267068225
-123.71187416312831,41.09576213715728,1,1097,1680,3587,1079,5.780932228417983,NEAR BAY,311175.82246879337
-121.22773748997474,37.60918391873504,11,4176,1311,1947,1550,3.544011559265524,<1H OCEAN,259371.33028547966
-121.08515944685146,37.22441570060267,21,6199,615,322,1942,11.754202029531532,ISLAND,500000.0
-117.02475396948584,33.53250751659189,4,5655,1059,4137,1276,7.552931935370754,<1H OCEAN,388179.79916792
-117.94892298759366,38.720300785455606,7,4152,1377,1322,1771,3.758875553571684,ISLAND,196878.16044227296
-115.44238406453368,40.27599074124812,26,5403,1507,4424,516,3.33003191808009,NEAR BAY,280229.6024420941
-119.60896215137403,36.11975227064616,47,8218,1102,4069,225,2.8983131152697057,NEAR BAY,316642.13036322803
-123.14927377077944,39.83850751720733,50,6202,1032,865,445,11.768837344981128,<1H OCEAN,500000.0
-117.18902233628113,41.61572531320664,12,5590,196,4421,1984,3.8203141868545196,<1H OCEAN,258724.2574818671
-116.71171811188636,34.457442380391555,31,8664,82,972,63,8.136312821115364,NEAR OCEAN,500000.0
-118.71477693640226,37.464531829542516,17,5716,977,4787,1134,7.047422234109319,ISLAND,375074.21944733686
-116.60948951325621,35.24196818557586,33,2348,1022,4650,1972,8.904358038810116,NEAR OCEAN,369093.18768380675
-119.39229221250152,40.00076008310843,11,948,580,4917,1871,13.218746055382317,INLAND,500000.0
-119.10176239300478,37.97515357294169,28,6454,1350,1314,1513,13.082337156185094,INLAND,500000.0
-120.05748817568016,38.51142054914836,32,8795,1289,3774,624,7.040603041460465,<1H OCEAN,500000.0
-124.09479196748929,40.04837224198557,1,8170,1332,2837,1510,0.722810635653488,NEAR BAY,124060.92303094892
-123.26677007298721,36.2660821477537,47,8994,1841,2772,1894,6.683435182857396,INLAND,445565.8618649589
-124.03445097570518,41.150997543710275,28,3725,974,4273,473,9.289806292650036,INLAND,477709.57084310666
-117.96043947091164,37.55580164078618,42,414,1375,2600,614,8.587589006921895,NEAR OCEAN,451060.2856685948
-121.19386594999368,34.026354882880625,7,2476,1570,2999,1376,9.94437353410298,NEAR OCEAN,416923.23006019194
-119.24395026070638,39.088410701968435,2,9332,869,1723,526,2.7340981208597106,INLAND,240208.03947207646
-115.23803260178202,40.004589307623974,42,4478,1298,4637,813,9.874758932320622,<1H OCEAN,500000.0
-121.84710601934529,35.520727381205425,24,8549,623,3142,1513,3.1484484717846972,NEAR OCEAN,305160.8393950194
-120.22975545272227,40.60605680835827,4,674,1553,2888,40,11.38259772010286,INLAND,457744.00464745046
-116.7642665690278,41.066808027345864,44,9844,1834,1716,1271,5.41677039230886,NEAR BAY,435432.21038226096
-122.0528664184641,35.14567122622518,19,5685,1761,4561,1419,10.793483784031077,NEAR OCEAN,500000.0
-123.57712170531892,41.79493705825024,26,5592,625,2245,1173,1.1940511841385528,INLAND,196454.04584748048
-121.44089541274576,33.864095478938815,11,9049,1780,1434,1730,6.4139703710682445,ISLAND,452625.14805376105
-122.73133827596979,34.44096743966743,40,2910,1856,4453,639,10.723000572818325,NEAR OCEAN,500000.0
-115.01583557048056,34.27355573722983,50,8234,849,4004,433,3.789622486806665,ISLAND,326134.66123548045
-116.23647138917326,40.95244317117407,43,9396,1506,2949,1838,12.031662149559727,NEAR OCEAN,500000.0
-117.99062628463535,38.696892917377895,11,5770,1242,110,1114,9.646306130021513,NEAR OCEAN,500000.0
-115.60053567451531,33.971301305121585,45,7815,1314,3997,1447,9.019645696172075,ISLAND,454059.3466996864
-116.2811323479329,36.68344336684616,3,6667,765,2340,1605,5.626458385962889,<1H OCEAN,389186.0999207713
-122.4768366087842,38.32995441590684,12,3559,577,522,1650,7.495546320526205,INLAND,355840.90623232024
-115.38870765516063,33.325397039750094,3,6217,83,1008,1834,9.16156486417887,<1H OCEAN,424303.325020254
-118.93500389116687,40.84353802671306,42,4092,1273,582,1440,7.350700651765911,<1H OCEAN,397127.2500687173
-116.24330084215282,40.10190926850485,27,7937,961,543,356,10.625543197138121,INLAND,500000.0
-115.35324334876813,37.29399573935617,49,303,1995,131,1687,6.788605530050914,NEAR BAY,196880.00677053907
-121.15724511128248,41.6406614495888,2,2875,268,3020,1548,3.4329611352594402,<1H OCEAN,151261.44795624027
-123.24507867774211,36.471130814978686,49,2092,1289,61,929,3.602039850615185,<1H OCEAN,270404.15988479304
-122.0615309680789,41.80047810213345,16,2343,959,4594,295,0.5841546482226458,<1H OCEAN,42391.41248519209
-120.06183780219239,38.82512718874213,2,8598,1630,811,911,4.863886875600751,NEAR BAY,382663.8942776233
-116.13713175013817,38.51225668131959,30,1787,176,3235,32,11.359305786938535,NEAR OCEAN,435905.8030953515
-115.70826494410632,34.101635564733336,20,4209,754,75,1046,12.015359278145338,ISLAND,500000.0
-124.28020060946685,40.8389402056467,38,1960,1745,1856,997,3.4357793603883753,ISLAND,180098.01483915938
-119.22209708212124,36.56267796333299,28,5276,1004,4207,1267,14.406137954635412,NEAR BAY,500000.0
-120.15919352838625,34.06661634841313,25,822,1607,4374,993,7.784840505461838,<1H OCEAN,372088.33621239156
-122.12003758287386,32.658636762971895,32,9071,1993,4752,194,13.796191860768289,ISLAND,500000.0
-123.14655171196982,37.80730098303718,10,8820,1131,3709,1942,10.74809658699365,NEAR BAY,500000.0
-120.96034367910757,37.502830444174386,42,4993,1356,1575,1428,10.97528463382499,INLAND,500000.0
-114.8831865727183,39.309117586493784,40,443,1894,810,1645,1.7331325089380314,ISLAND,192943.33396019708
-121.10504256251161,40.91732827889752,33,5498,1109,644,1963,3.689871340005495,INLAND,251420.95141223908
-119.1413421576966,33.28721596149091,13,8500,681,1105,260,0.6278150827698532,<1H OCEAN,183282.48312164258
-117.29168965269241,39.42338197410281,41,4836,1063,1904,566,10.883850786912694,ISLAND,424855.0239562258
-120.69915879211189,34.30354639395825,42,3506,52,3133,33,5.494355182213395,NEAR BAY,288211.0200814128
-114.59330788948155,40.61544607020892,47,9603,1883,3966,1238,11.906461483107028,NEAR OCEAN,500000.0
-114.6870291587812,40.24738766543818,37,1019,1836,3725,1440,5.4145751890868805,ISLAND,208958.35170606646
-121.82210574991333,37.628869234413976,16,5919,577,2098,1474,12.380339408333485,ISLAND,500000.0
-119.35762500084044,39.223384735045364,45,2144,92,1508,1349,2.3951246793505385,ISLAND,200442.41194255798
-121.32918176943963,35.49803456505907,22,518,1909,1269,1377,3.013910772983869,ISLAND,57585.89329223744
-121.49020143645022,36.97368992895779,20,1849,844,4278,744,5.442709823967079,NEAR BAY,157650.86082790216
-123.97965504856049,40.27160320745554,50,7478,1386,4231,1453,6.423067138792963,NEAR BAY,361071.8257758355
-118.22997408684184,36.86168550539995,43,1199,1176,1549,22,5.556190757223186,NEAR OCEAN,308594.45360905916
-119.30310260678223,35.90688167671241,27,3492,1098,1880,710,11.572881971586687,NEAR BAY,500000.0
-123.8331533374501,37.190539128625325,41,2872,80,3445,1595,1.9057951930873633,NEAR BAY,118108.86697571592
-121.55238949906442,40.33382546543423,16,6884,1900,1253,1495,5.5926467847580765,<1H OCEAN,385308.31441178784
-115.2310105048948,35.69430772575991,34,1645,1563,4320,1719,12.63997999297416,<1H OCEAN,500000.0
-121.9447986177036,34.175096591407346,32,1170,291,2860,1862,1.4685576203014938,INLAND,144040.24587246813
-122.89525548420411,39.24005193131265,26,6622,265,3142,766,14.163980861234682,NEAR OCEAN,500000.0
-119.43589428681327,40.31245498158305,25,1950,1219,3094,788,14.801594212944186,<1H OCEAN,500000.0
-114.45406944072957,33.486998672906445,2,5153,647,4723,891,1.7842385204636613,NEAR OCEAN,287639.20501009136
-121.91976507402453,34.79721540103344,12,3039,1360,3564,514,4.723451572708186,NEAR OCEAN,252476.3328685251
-117.60175910404497,33.875956423650955,40,7294,1826,1848,436,5.899809657512664,ISLAND,393400.9183888305
-116.70333906209967,35.81412868298819,9,5951,724,2625,1434,11.757674845464528,NEAR OCEAN,500000.0
-121.9641190583163,36.77780271149993,12,6773,681,194,1416,9.140938775692641,ISLAND,379685.8269633509
-117.03870785993693,39.58645583082472,26,778,1174,4907,647,9.843302657142226,INLAND,452935.6235326386
-120.65745734749869,38.667298773736555,9,1088,1145,3976,1095,11.483892430868337,INLAND,500000.0
-118.00164946084047,38.38293781997204,10,9899,329,1427,1419,2.210695491836873,INLAND,349193.58552051574
-117.98936170396061,35.855848247596846,32,1602,1825,3196,1438,12.581537125198805,ISLAND,500000.0
-118.97082217188942,40.45802147452759,34,1889,1335,1875,1966,10.731487160612089,ISLAND,458379.1252334304
-123.44349070865374,36.97481224521673,48,5381,1765,843,1040,8.871455015347369,INLAND,479937.5620066306
-115.96356294428405,41.75337746672261,20,5127,514,1651,161,13.401162354354321,ISLAND,500000.0
-121.12936814768376,38.50727752136289,39,1525,1404,4464,1129,10.654442131315204,NEAR BAY,490726.1730998843
-122.47735415558546,33.72815121812197,2,6754,357,1160,1507,3.4246494581498683,NEAR BAY,282219.04607081215
-123.94061757879017,38.902830859129836,1,2540,598,4103,65,6.731308025597167,ISLAND,301985.92835569853
-118.41743485039005,35.59922878521229,51,6956,29,4843,863,7.663621570568132,ISLAND,452512.1432546138
-117.54725380710349,38.99833892081618,36,7467,68,3987,1028,1.3006555878808819,<1H OCEAN,251305.48592980616
-124.18345819756432,33.195323204208236,24,9570,1530,4013,1281,14.342243943720808,<1H OCEAN,500000.0
-119.20858569467522,34.18563432382578,27,2694,642,4992,29,2.364370281554738,NEAR OCEAN,123507.74968763073
-122.0759824170127,40.59248760630345,2,4789,1364,832,683,10.613188374787539,NEAR OCEAN,500000.0
-117.87246518428913,34.67775963159127,31,2536,750,1166,592,7.840350023317763,NEAR OCEAN,346169.9395187875
-122.59936105278989,40.416556988536065,14,5617,1612,1800,1573,0.8716676233241275,INLAND,162584.28545121846
-117.41298510945124,35.167987992356004,2,9319,814,2626,1641,13.908838400033245,NEAR BAY,500000.0
-120.4671771231426,38.58951877365244,29,6410,990,4077,668,12.851633727874532,INLAND,500000.0
-114.94523091308318,39.071956896727514,15,3639,1668,3386,932,8.101739954605616,ISLAND,294547.98140835465
-122.96928972077423,37.36408122709495,12,3583,152,4437,1785,3.8196638740219564,<1H OCEAN,275875.2411284215
-120.9256938354554,35.41297346771624,37,7471,1626,1537,659,2.2635319148613666,ISLAND,246482.23196992025
-123.21072584674448,34.540983581652014,28,2341,102,3925,635,5.769190951765836,ISLAND,260486.0366973664
-115.06607607248323,32.85231182643243,20,6478,76,3681,717,4.203710075168312,<1H OCEAN,269444.02672603313
-115.54151289205495,35.40013563567521,39,2865,395,4242,928,7.847022414591331,ISLAND,386741.13720589655
-121.76026605773984,38.68626185889937,24,9465,368,4008,197,14.51293479378972,NEAR OCEAN,500000.0
-117.72376017781684,41.369448341600226,21,5011,290,3447,888,8.8368256518298,<1H OCEAN,424742.67408009595
-116.14508910997979,40.73803417809532,10,503,1526,123,1049,13.40400031040642,ISLAND,483789.0805860481
-118.77578385154139,39.748669547197196,46,3482,130,1409,872,9.93774314368877,NEAR OCEAN,433031.56973798823
-119.0323081933057,39.95928950001354,14,4263,888,1141,326,7.391074635514407,NEAR OCEAN,412446.17336245236
-121.92180299935946,38.797507941709114,37,7730,906,4903,567,12.891809659633884,NEAR BAY,500000.0
-123.41524821122877,34.98929932969609,18,187,95,1991,346,7.334837597508464,NEAR OCEAN,354736.8710669397
-115.34195379014861,41.07670523894186,24,9450,1201,3198,1399,13.095108472400234,INLAND,500000.0
-115.30980270608016,38.8515910550339,14,5916,1575,4353,1836,4.727863158848597,<1H OCEAN,314931.31704439427
-117.99366136897639,37.81374633752594,34,5570,1976,1294,414,2.3677895695633278,<1H OCEAN,230359.0231626051
-120.94614089787105,33.58441090529885,12,6376,1686,1335,319,12.902059733262606,<1H OCEAN,500000.0
-120.84393587088888,36.746792667218465,22,5839,348,4555,1569,9.017519874993669,ISLAND,500000.0
-117.0614049841428,36.871971332010126,6,4373,141,3086,768,13.391839774609922,ISLAND,500000.0
-115.34301299007613,40.67554356560833,36,9673,60,820,304,14.098494501389556,INLAND,500000.0
-115.44365230037822,37.683959751967095,45,6623,1210,1893,349,1.277611660386013,NEAR OCEAN,213391.18299002724
-116.52004951958946,36.119569165811555,36,5103,941,123,69,7.764054876953591,ISLAND,426523.5602451152
-117.90400227261095,41.731691091285306,22,8138,661,1710,792,5.936985961580675,NEAR OCEAN,382948.3673096748
-123.5052347514497,33.58188078320063,14,6706,1066,4399,1665,9.574946757516699,NEAR OCEAN,500000.0
-122.72724771049008,36.5161807104154,16,2164,298,869,1752,12.00707235943369,ISLAND,500000.0
-115.32851594718812,32.93545219336292,36,5415,782,3868,397,4.5685581316283495,ISLAND,261015.55483207924
-118.26145224101772,39.50249777641682,25,417,488,381,1807,8.573576573410989,INLAND,332366.03691383975
-124.25766160176903,41.17910035619401,32,1602,1443,1471,1643,10.776564408621043,NEAR BAY,487423.5179373058
-123.33122570962503,35.175151271070106,33,6230,28,3705,1019,2.4492507011181432,<1H OCEAN,176165.647291662
-117.68844223815512,40.61699517867973,45,7519,32,4981,1868,12.303970136293369,ISLAND,500000.0
-124.29918169818396,35.28977354864646,36,2142,943,1741,1581,9.28858919786811,ISLAND,386519.8885965308
-122.73548716376831,41.11034722106925,20,4698,942,4600,793,14.268292838147952,NEAR OCEAN,500000.0
-118.84071275475948,39.63478151284574,18,218,1862,4458,1187,5.423169327395052,NEAR BAY,248913.88894903788
-117.40337221516536,40.11417277007794,38,809,1875,277,1103,2.0681161638893806,ISLAND,15000.0
-117.80430895459389,32.70944168820028,3,3657,1095,2931,887,7.844267415035417,NEAR BAY,336314.7434125494
-122.09833613301598,41.60004546006659,23,3350,1252,2915,1823,1.7442561897868634,<1H OCEAN,257893.06873753652
-117.19972061767074,39.37797403538174,32,8161,1593,2625,1118,14.558134588198099,NEAR OCEAN,500000.0
-121.96801916153213,35.40770780758351,45,8709,1655,4572,22,1.0609318947292774,INLAND,265486.0637168918
-121.08298703048095,40.34460379632175,16,2703,1748,514,1618,11.425806566055966,<1H OCEAN,455151.29844178044
-116.85522629261504,35.18911447708449,5,1201,1445,327,767,8.113984773062539,NEAR BAY,339247.8661193446
-117.82768569356597,40.75261363031727,4,4521,1234,4164,1491,5.844999461225186,NEAR BAY,386291.47604286904
-115.82379695863845,33.599381473776326,21,7957,1094,115,1784,1.4547113853754925,<1H OCEAN,249310.33412078663
-117.74756656130455,39.16168504790609,40,8277,1436,4312,1945,9.521420400517313,NEAR BAY,500000.0
-118.64418162251187,37.627972665228604,51,6182,672,452,294,8.98569477616885,INLAND,500000.0
-123.40950533100595,33.448389364539096,14,6758,1723,4033,1573,4.572807459480196,INLAND,351077.79216420295
-120.65813333728329,34.81622092391567,39,2361,1866,4554,1635,13.698214670449525,NEAR BAY,500000.0
-121.68736822847548,32.65672198136953,31,8121,640,3528,234,4.9095951064711345,NEAR BAY,388722.89813785127
-121.90034398047399,36.951106555021,14,608,1762,3494,1726,7.021018453585539,INLAND,281224.1965003778
-114.58097403028545,35.374906103751606,6,2479,1982,4742,1528,8.384555610820508,NEAR BAY,320419.23280297813
-120.40329884434573,38.17054392724191,12,8979,1343,4469,348,1.9533622335561485,ISLAND,302442.3777210713
-115.39385258602178,35.33700777053809,16,4852,1665,3089,274,14.016344928597668,NEAR OCEAN,500000.0
-118.01336819498748,35.36223883928073,17,9584,215,1487,1430,5.930774210540096,ISLAND,424215.9907428436
-116.37009451244185,39.53344800006439,45,5595,436,478,145,1.6712986011779825,NEAR BAY,194775.75166014262
-119.30352358522387,32.993024086556304,23,3309,683,2732,786,6.115722018292284,NEAR BAY,207175.4332159913
-118.55788499835135,41.0362419047566,14,7498,1463,2827,1627,9.20293693284242,NEAR OCEAN,500000.0
-119.4051223540586,40.55980305802102,7,6843,1798,3428,1593,7.9479637414092785,NEAR BAY,494441.6166427693
-122.38976040250763,38.824042069160484,46,5748,1683,442,1367,10.570858623540474,NEAR OCEAN,500000.0
-117.0965807627745,38.12221497471049,32,5271,1660,4591,1247,1.304517159984704,INLAND,94978.20759020363
-121.5310454810938,40.93656650749413,15,7990,1565,391,1215,4.625838848944814,NEAR OCEAN,262614.8318959356
-124.1058676970282,34.2839569893652,44,424,1399,182,1778,12.378843364181483,NEAR OCEAN,500000.0
-117.86945814909204,33.283099816215696,17,3657,167,314,236,1.6584584729747325,ISLAND,89499.81330465371
-122.57180877875322,34.79379069884875,41,3687,1020,4238,1288,12.904546343091384,NEAR BAY,500000.0
-114.90779581309674,40.01698160256879,47,251,1408,1735,1379,1.8324933351180406,INLAND,29885.116517745148
-114.77255708689403,32.86624720989621,44,1054,383,1484,1746,12.599586115929595,<1H OCEAN,410618.0102044644
-115.1647615221867,38.02421231813564,34,4454,1695,1710,1341,5.731431815641537,NEAR OCEAN,340737.6226083616
-120.63360664943534,41.90706702736023,5,7260,1745,3867,851,9.37703141722963,<1H OCEAN,500000.0
-124.19481557005017,40.592100243011245,45,9483,421,2404,201,2.7168631768959735,NEAR BAY,214894.67595746834
-115.02968163161924,37.44680393390018,27,787,625,315,353,1.4594464650151222,NEAR OCEAN,129532.11962282832
-120.05103115089416,33.138860956387305,23,8601,1535,4791,530,3.6311039582919586,<1H OCEAN,290934.0719172553
-114.64478561680156,40.363224770369534,40,9794,248,1186,402,2.3538803596760856,ISLAND,235905.69400384097
-114.6752554300239,38.17638776194755,14,3227,1618,4599,1760,5.0298855163546605,<1H OCEAN,208326.35413677865
-115.78578506710771,33.62151950233052,15,6863,1895,4976,1916,7.958557074409793,ISLAND,499163.5928812472
-121.39373312362136,33.42319705018778,43,3495,556,1440,1242,9.037012221692638,INLAND,335193.58536057814
-120.48361880483667,41.09958837089834,33,9105,287,1162,351,11.953087557006272,NEAR BAY,500000.0
-115.80458781797076,38.83717447424732,31,945,1448,2284,1208,10.0154784521012,<1H OCEAN,441099.12014145567
-121.16810306823096,40.34358878157067,35,1264,1836,2916,1285,9.326995714378517,NEAR OCEAN,413293.7056513613
-122.64829282327163,40.811191451656136,17,6004,1054,3118,919,6.470839398543732,NEAR BAY,327814.4930743671
-118.75971532491816,37.92037783277471,28,5460,1363,2229,661,7.370222306922011,<1H OCEAN,468325.92800885095
-114.95100606742577,37.40917017001494,19,454,1756,684,1270,6.510552026157626,NEAR OCEAN,213848.75649416752
-117.36186084138328,36.59032193112052,46,1972,145,3681,653,12.711407435890056,NEAR OCEAN,500000.0
-118.62658585230278,35.52246739111443,23,2124,325,1449,1599,3.835006561951798,NEAR OCEAN,178833.8182063141
-123.37434800254148,36.62954799168048,32,2917,1745,4836,470,0.582953507358487,NEAR OCEAN,64804.89901036066
-118.17532744394033,39.82220756042077,40,3932,1554,2789,215,9.944138509780469,<1H OCEAN,466639.00499801984
-114.4098593449532,38.20409948585239,13,8357,1132,3220,1913,3.435701662763055,INLAND,293308.1412670013
-122.94355648702529,40.9386441584751,20,2681,1398,1915,1247,13.406669476492235,ISLAND,500000.0
-119.14597029026808,36.712205935308155,35,9682,647,2005,477,12.956171780746512,ISLAND,500000.0
-115.54117435784333,38.252712935743475,5,9422,1395,4727,849,1.6125468929589855,ISLAND,307209.7319339534
-116.91268307774779,38.48060407459562,9,2586,708,2268,276,2.0426318785041215,INLAND,121804.59453431008
-117.35196196040751,38.107870297302526,29,9126,1057,1439,1572,7.679988087576661,NEAR OCEAN,500000.0
-117.29705979676942,39.15178380473471,6,8518,1300,4929,1315,9.333728610155642,NEAR OCEAN,500000.0
-120.74070884175366,34.774248937406924,25,2543,1252,3180,28,4.486170893492491,NEAR BAY,248618.3601209496
-121.40233788358448,37.36134314670589,31,9019,300,4326,780,10.893566892140875,ISLAND,500000.0
-116.22401399899573,33.52075539442655,22,1136,462,4164,968,9.126282303323638,ISLAND,330757.6926230288
-116.21646151742102,36.158251593137685,2,8784,1883,1299,1244,5.209949591354043,NEAR OCEAN,415447.9800026154
-115.64459392145577,37.1289471157261,45,7535,856,3216,1102,0.8678865766135762,ISLAND,174807.7591036841
-115.18106485233304,38.677430282322895,5,1648,408,1295,906,11.377179078828506,NEAR OCEAN,439996.86319692916
-119.21612231543618,41.484497204836174,27,9435,636,103,412,3.613928154463699,NEAR OCEAN,372046.1276546642
-119.31477640134051,38.19212653622003,25,5165,1526,2960,1695,12.599869280208111,NEAR OCEAN,500000.0
-116.33511640317357,39.53721875122143,8,6596,166,2446,1162,6.5942087707867,<1H OCEAN,414563.0890847137
-117.82436213499123,37.30396361984986,1,6283,1322,492,1596,8.867622918160599,<1H OCEAN,344742.48694727
-117.30225255233266,38.50691893525128,20,4057,540,4725,418,13.157756590930527,<1H OCEAN,500000.0
-116.36024159886155,33.207472153818806,44,3507,649,3661,1877,13.022533513339324,<1H OCEAN,500000.0
-115.41434636815164,34.93382477572178,23,739,1649,4427,350,5.887033841031812,INLAND,249878.11298839908
-120.95652862521058,35.94503760706036,32,272,453,2457,1310,3.5288889443652254,NEAR BAY,133417.80829749783
-120.57914715549497,36.98616247061129,11,5766,163,872,1563,11.739618127064622,NEAR BAY,500000.0
-123.40642132399768,32.96955469517743,39,4454,308,3752,1738,6.779662952230902,NEAR OCEAN,388046.3286678196
-118.54406738439842,33.85762675797672,47,4059,1429,2989,499,3.284608906605559,ISLAND,197359.0630230567
-123.9891395710807,35.144822636316185,24,8808,33,4786,153,13.614167463598678,<1H OCEAN,500000.0
-119.6753958979501,41.68212262137889,11,8814,276,1081,1736,3.372510816495767,NEAR BAY,397302.83600361133
-118.90184786753593,35.657975336839705,29,2986,1389,2066,935,0.8742039387728506,NEAR BAY,136740.1055783279
-121.47312582863202,37.0760063568347,26,2264,1741,612,954,0.7940596196275895,<1H OCEAN,68309.0703511762
-118.41803406388713,34.38527947686828,16,4045,1388,2588,374,9.523572668586832,INLAND,406069.13162291993
-124.04377749061194,38.28744046882298,35,5335,1443,390,603,10.09428838040419,INLAND,490060.59294832184
-123.97502418495789,35.18122905800532,20,7846,1250,4617,1541,5.0101047233262666,NEAR BAY,349289.86064903735
-116.09109037097703,34.4878001631056,46,2690,877,3825,644,5.140159344082419,INLAND,193476.40574020334
-120.73368596023091,37.40094843367666,3,7854,962,2346,1150,5.42266176836917,<1H OCEAN,428333.231626401
-123.07431245297508,32.59180957009956,1,5034,1215,284,309,10.36229892800374,NEAR BAY,500000.0
-119.10667766904976,32.61211854722921,47,4176,483,1166,844,1.3429399698890145,<1H OCEAN,84808.03408174613
-116.61926472688995,34.60143749364848,1,5285,289,1958,648,13.972187114024221,INLAND,500000.0
-122.18315688393169,32.88554802113273,17,1193,1264,1467,1038,3.7265551405729735,<1H OCEAN,208814.80115468707
-118.09617962277724,33.5565223463698,2,3980,1195,4969,651,14.995261476010338,INLAND,500000.0
-123.49311145146257,35.728678710277656,29,6659,642,1341,1190,2.9870790599142114,INLAND,256859.7872492726
-123.83111551946718,40.092331244846044,20,2885,1226,3538,346,11.687423631029473,<1H OCEAN,500000.0
-119.0151994990558,37.922977734105125,6,6165,1442,4777,1458,3.739481901479563,INLAND,312878.1494548857
-118.92202337903453,37.36420330124988,8,6639,1894,3704,229,1.6722786238271827,NEAR OCEAN,240249.40593846352
-117.950203788958,35.301729826388424,29,1674,91,578,1339,13.186533203084409,<1H OCEAN,500000.0
-117.06004300942448,41.3078024998628,48,5776,1461,3374,1441,12.951893258267933,NEAR OCEAN,500000.0
-114.55244512219616,36.275911538041974,51,8160,1941,2030,1146,6.35177069051922,<1H OCEAN,402797.53155459365
-119.166344503056,33.35954293554821,33,4090,1326,2989,655,10.684744066836188,INLAND,500000.0
-121.10751701166988,38.34659591666851,3,5310,93,1379,1800,8.577456023916799,INLAND,451271.2247694402
-116.36633060452222,33.61121928261482,35,4945,374,1283,1551,12.867863648269358,NEAR BAY,500000.0
-121.63084419732877,35.788549773763926,5,9385,1770,1803,1934,5.06831155512049,NEAR BAY,384462.607902919
-119.9427269361154,37.31474634333458,27,1289,516,2850,887,8.093249799985285,NEAR OCEAN,265914.8452739773
-123.56229793132364,40.766433957287504,44,2789,1371,2983,1252,7.537899382465982,INLAND,321560.30024157115
-124.0954785361088,37.18427332100052,12,4195,1007,2809,1976,5.631634480724451,NEAR BAY,346067.60569855664
-114.68500991663363,39.14825498835796,20,1975,1578,2825,447,13.426098436067397,INLAND,500000.0
-115.95675959005746,41.88240645498125,45,7868,599,3537,412,2.9052299076067643,<1H OCEAN,274317.00334587164
-117.36241897081928,33.77731261824,20,3506,929,3900,845,2.667875273050094,NEAR BAY,155237.41942620702
-120.24411243808073,35.125223655138676,9,4032,1490,2577,935,8.865188262179895,NEAR OCEAN,294417.10196121037
-122.6101250264887,36.25296087137385,39,9899,392,940,1152,10.033666334781659,NEAR BAY,500000.0
-122.77937209158229,36.509403160050404,4,8340,381,2115,1932,3.321979187706195,INLAND,295814.55705420545
-121.83756130242746,36.40770831824879,51,5508,112,1238,367,6.16540291269205,ISLAND,268302.37756983284
-118.83576428635055,41.080619534057185,19,3961,1364,4347,69,14.225175723191784,ISLAND,500000.0
-117.17545693609138,39.25904718443312,38,7506,343,790,935,4.075952629014773,INLAND,296157.971372485
-117.72161833775398,38.26038806459352,27,2933,403,1419,1148,10.191230180702213,<1H OCEAN,449743.44829659216
-121.53946367466273,35.45119727508878,45,5385,594,1439,1463,11.232166208615066,NEAR BAY,500000.0
-114.76315258214153,40.291867515522384,43,9689,755,2050,1416,6.997866142244813,ISLAND,459851.7910799676
-116.94151495637449,41.52711941307375,13,7745,756,1521,1070,14.094126808013954,<1H OCEAN,500000.0
-118.78428531278554,40.26747583879764,13,9123,1924,1586,987,11.181522660672462,INLAND,500000.0
-118.2083237078071,32.55472763985176,22,4877,365,368,819,7.139906407983019,<1H OCEAN,393714.65131615446
-120.13721537322499,38.528536893425866,28,2835,1892,2314,1812,8.755360425753363,INLAND,480470.17443155684
-121.86278086540838,33.02118393937017,47,8373,1146,1944,1316,10.54289492966396,NEAR BAY,500000.0
-120.77603430634133,34.96408394334032,45,8378,1258,3761,1036,9.086757616223665,<1H OCEAN,500000.0
-116.74122505093773,33.10012743027253,22,6468,1235,4869,668,13.2411149654781,NEAR BAY,500000.0
-124.20548937415724,38.22171521225374,43,921,1715,2872,1383,5.674885603065817,<1H OCEAN,249764.19461872143
-123.18463068931055,39.00081108596543,19,7625,1927,4558,320,4.848343230809172,INLAND,335533.9996858306
-123.8881334741016,33.61732867420017,8,262,738,1325,1523,3.6006638976813323,INLAND,177366.488509843
-123.94108282471754,36.15192388945326,8,7877,800,3133,1877,1.0478530369366295,<1H OCEAN,108358.38751557644
-115.76117573652948,36.833185549271654,42,2032,1039,450,1587,1.1237024835108023,INLAND,76182.74775433577
-117.28527509182456,36.01278893477023,26,3635,1237,773,1600,13.1158003000846,NEAR OCEAN,500000.0
-119.58929475596325,33.678845254565665,48,6056,1423,2379,1308,10.336700622885656,NEAR OCEAN,500000.0
-123.36774502706395,36.48229870566414,51,3546,1446,1185,1585,10.077720023829048,NEAR BAY,457402.8207115213
-119.414176613827,39.608585429877216,26,2890,683,2820,1639,9.412320874555848,NEAR OCEAN,416975.183799242
-119.59634342136312,33.208182123257934,23,2807,1792,4896,185,12.81367759806452,NEAR OCEAN,500000.0
-122.61105322610344,33.29449393251071,43,8059,619,317,335,7.463870422151598,ISLAND,478678.41117052763
-119.99412944165076,35.87839785617661,13,4033,30,619,20,13.120957014095355,ISLAND,500000.0
-120.34901246665036,41.40163894633409,28,3485,206,2606,1039,5.711952879642468,ISLAND,227522.85569589736
-118.16686501555574,38.83126860566262,9,6736,745,2023,1804,13.937258812916813,ISLAND,500000.0
-117.97365974528886,38.926284292288834,20,1022,1058,595,1304,10.630526211177981,INLAND,412930.61162044853
-123.89514774188866,35.94566711378431,19,8189,797,2872,82,4.229068472354196,NEAR BAY,314143.06981414673
-120.58888934915022,38.12634804527235,48,9874,1340,4510,502,8.679231364485064,NEAR BAY,500000.0
-118.06636644622907,32.63533444170106,39,664,430,4692,1719,8.228943141579705,NEAR OCEAN,422533.7191275797
-119.29851196385592,38.52566379671379,51,3358,975,320,1364,2.4995329150898424,NEAR BAY,94811.44402510756
-115.75084199446924,41.13403017669239,12,2600,604,788,1889,9.073022133383905,NEAR OCEAN,350971.0385438674
-117.73671593854579,38.304316337124746,15,4666,1095,1307,1244,5.064391543895891,NEAR BAY,243346.14310098384
-122.71413835210244,40.76150376451831,31,9279,1683,108,241,1.2590571187392352,<1H OCEAN,315253.5113600736
-123.64148977609968,39.35258645193594,14,6981,1071,4231,171,14.255514286745191,<1H OCEAN,500000.0
-117.9001104468086,33.67445469835872,11,3736,596,4908,663,9.801610351432172,NEAR BAY,393076.36666779115
-124.0838264421621,41.03208562155977,26,6130,1060,439,645,13.215324512127282,INLAND,500000.0
-118.46881316401442,33.165236575387844,42,323,1394,768,1505,10.30281207269217,NEAR OCEAN,448269.51667045645
-114.91008837609343,37.56463391667446,27,6397,1471,4294,236,5.676263536031637,NEAR BAY,467537.4568678086
-118.57223925412617,33.877510334896435,11,450,1693,4728,215,7.933977048767765,NEAR OCEAN,355955.6521706215
-120.45277394088652,32.650159206977804,38,7414,1874,170,1836,10.298328025034067,ISLAND,500000.0
-117.89138628683878,36.511342387801086,34,2028,1272,2702,1245,14.423658715420844,NEAR BAY,500000.0
-119.74914097946517,35.31633305902561,43,7843,1809,2353,1014,4.178207157264598,INLAND,301338.5533268194
-118.87200743526802,37.11326464663544,19,8640,1008,4911,1034,13.187167350049707,ISLAND,500000.0
-114.89769331988369,37.971450934172125,6,4832,1253,2961,666,13.899128176766906,NEAR BAY,500000.0
-120.47352951648023,32.951584670427195,46,1117,1474,849,1277,10.22102496255487,<1H OCEAN,352034.9615061368
-114.6996467392079,33.69746100711445,38,2326,1337,3430,1184,14.003366097319399,NEAR BAY,500000.0
-115.26027955476113,37.796824950598506,49,7306,762,2156,727,6.269239518421843,<1H OCEAN,343336.1438498312
-122.38425700671546,35.76920479335472,42,7270,1796,1159,1541,14.31873455258642,<1H OCEAN,500000.0
-123.65361253921333,39.401522517840306,28,6307,1625,1300,1598,10.690351718906635,NEAR BAY,500000.0
-123.33818886617063,38.678064413250155,1,2519,1147,2690,1100,1.1090836275727725,NEAR BAY,37841.991718488796
-124.16705287045843,40.497137055735024,35,6340,223,1699,1975,13.649656061376264,<1H OCEAN,500000.0
-123.40179267401048,39.05635749895741,40,1993,1096,1395,1547,7.524855730981292,NEAR OCEAN,390508.5483758857
-117.49261199489978,36.58565143824129,8,5422,993,3006,1185,7.174741279278576,ISLAND,364245.0205131381
-123.6352659694593,38.87261591673161,47,7818,959,2496,741,8.713765786704696,INLAND,436593.48347622575
-121.14748467185063,35.13133684974349,7,6978,1418,3414,1627,2.666075928182805,NEAR BAY,251292.3535374447
-115.86745187786667,35.422410023502984,11,1225,1885,534,1779,7.30290770422728,ISLAND,308648.10383932746
-124.1163497652123,39.964350354854666,39,3217,1097,852,1582,12.551344642407313,ISLAND,500000.0
-116.17273643480709,36.74080764933889,4,4261,1319,1765,659,0.7244956574939724,NEAR OCEAN,176004.42686065222
-121.52017806127506,40.052759004277696,25,4142,1378,1965,125,4.4572988247033845,ISLAND,196684.22586377195
-123.16362513067857,40.278994536218505,12,4533,1074,3533,184,0.5355915034357412,NEAR BAY,106690.41021278236
-117.35475885974392,40.60966159739268,26,8738,1178,1807,234,6.527813982672801,ISLAND,444963.8736859249
-118.03541381832997,41.165537569265766,38,2758,1101,1859,1114,11.060574902159154,NEAR BAY,500000.0
-115.5401809841884,36.59557092503012,46,3583,124,3057,1759,12.082191522162114,NEAR BAY,500000.0
-116.96988672020899,35.54053676040192,12,3044,1309,3275,1708,14.205251536341596,<1H OCEAN,500000.0
-116.28305145893611,38.01849020545061,43,7310,1565,3545,1622,9.323316888076404,NEAR OCEAN,388961.5175944867
-121.51837289138408,36.03273250454808,51,7753,1539,2370,109,4.192089566466985,INLAND,303404.7215151987
-122.56850698045157,38.1961079095902,37,8887,272,1720,1815,13.900145262482134,<1H OCEAN,500000.0
-116.81382789352578,39.17956296747839,46,2086,314,4665,893,11.742078431265453,INLAND,500000.0
-116.24937921775667,39.01789122401101,24,1174,687,1201,1271,8.829213003545595,NEAR BAY,369811.0679499599
-114.40532837431324,36.06454266685934,16,4405,1201,4797,1122,10.586783127924571,<1H OCEAN,500000.0
-120.20731852380928,34.11015449798526,13,3107,568,2273,627,13.902587147607722,ISLAND,500000.0
-120.61493841864045,36.59128107492937,25,1069,650,2717,368,10.829713412857364,ISLAND,365249.1959231935
-116.55481387415035,33.88181089581076,4,8872,1110,260,1885,5.841430359978643,INLAND,410163.00785541214
-120.9283324558597,40.915813101079635,11,2924,1797,2544,913,10.838908933191902,NEAR BAY,482275.64626958495
-115.00519645094022,35.79470690554324,32,1311,318,4731,265,1.084033359663124,INLAND,73337.30318961263
-115.73153597149616,33.99346622137148,49,329,1506,4312,291,6.103025646543428,NEAR OCEAN,152213.21705208492
-120.04289996515482,32.779463420713114,7,4384,1768,2557,422,6.3916839617609,ISLAND,409501.62111097877
-116.81125447937336,38.61718865495582,46,3285,1863,3013,1712,2.9191543991021027,<1H OCEAN,182802.36757072655
-116.77438954418979,38.53325080724913,11,601,120,3478,1159,0.8347394680006676,<1H OCEAN,66659.19572234867
-123.31463635688723,35.745085207529954,28,148,1099,3425,1478,2.434027931247271,<1H OCEAN,188620.32795028263
-115.28836881693715,33.214808874056395,41,3666,351,4005,1573,9.992011689057298,ISLAND,494733.107432317
-119.27726618062351,36.39460790096413,23,3155,855,3755,1485,12.13318783727347,NEAR BAY,471432.1683426659
-116.05236704027827,35.46855662854654,45,8980,1794,3455,1215,14.828950644541125,ISLAND,500000.0
-121.13670200565265,38.91170521990644,23,486,412,4088,1059,5.522270795073167,ISLAND,264355.2364486681
-115.35894678589815,38.24038273734982,50,1069,1786,1102,980,9.190998722785976,<1H OCEAN,391851.3846042677
-120.442415145509,35.97082698233885,28,9297,893,763,1795,14.088602018819268,ISLAND,500000.0
-124.2411899791378,34.59036893553946,43,5920,400,2938,917,2.922105829403213,<1H OCEAN,192486.125239842
-115.2599649567506,41.83741844152412,47,3152,111,737,1099,10.905861001969768,NEAR BAY,500000.0
-123.43348176506721,36.812155255455444,26,7497,1834,379,1634,11.447191630662866,NEAR OCEAN,500000.0
-121.14409107859223,39.01666055869203,25,2402,466,1796,1146,1.7901452701054064,<1H OCEAN,124084.145096939
-114.81137785080992,33.86260342491237,29,2383,128,1257,303,12.988116085154443,INLAND,500000.0
-114.80590424474694,37.10939907379493,19,9899,336,2192,1748,12.290023183107236,NEAR OCEAN,500000.0
-118.59268360324221,32.79912053397167,33,4466,1211,834,536,0.9843435953727995,NEAR BAY,113330.91706146729
-118.00635438981521,37.296332659537335,36,222,1855,2746,637,1.8207240157607465,NEAR OCEAN,106124.835912337
-119.84760695933767,41.611403800977584,14,6899,1963,3870,1321,1.2123399614318586,<1H OCEAN,179017.7412965187
-121.40616385215142,36.15538516919638,14,9572,1478,3768,1928,5.353781211090753,NEAR BAY,408603.1839075668
-121.05020796448603,32.90695247832992,35,3827,461,2743,631,7.88469036485893,INLAND,441549.7794272715
-117.59791470098654,32.831293992551025,30,8550,237,675,769,8.219042055342118,<1H OCEAN,404399.493027391
-116.79615972444569,36.19095541110004,28,9239,1265,4284,1312,4.381168016656918,<1H OCEAN,378495.96036794345
-116.40254640099248,34.04583465211866,17,5058,692,3758,1876,13.718154855123975,NEAR BAY,500000.0
-116.42223384634268,32.75974322644823,3,624,1571,811,419,5.839810453142741,NEAR BAY,227229.0856527222
-123.43429072539115,39.655970107271166,16,9179,297,4029,1546,1.1604772614976113,NEAR OCEAN,167785.13929666925
-119.38602014078609,36.85470151357859,46,8499,1028,3579,105,4.853293117350102,INLAND,344657.05704599136
-123.77211004943288,35.26179330426268,30,248,588,1605,339,8.201086626890255,NEAR OCEAN,257149.331357313
-118.8327300214697,41.00978275218509,29,8101,1617,3683,1075,6.419216427529364,NEAR OCEAN,430072.9107381731
-119.91703376621129,33.632867615486944,45,537,1029,725,355,4.470716526939258,<1H OCEAN,185883.95947981096
-115.43745000510667,41.535196180469555,15,3849,894,4237,70,2.4041871215826025,NEAR BAY,189084.07746845225
-120.82681327397712,35.49442681052089,46,8286,485,86,1122,12.377885251395332,<1H OCEAN,500000.0
-123.17464715506684,40.899878556424696,25,4553,858,3886,1741,14.944106010800782,INLAND,500000.0
-122.91436351218952,38.213692467671734,51,5436,773,1837,193,5.2783609360962895,NEAR OCEAN,342378.63368142763
-116.70443325755657,40.3193162551674,38,4651,1645,2777,1991,6.033505140560757,INLAND,274477.82971325866
-118.14309064430473,41.79956386581047,42,2923,1627,3930,1661,9.461544107815877,NEAR BAY,454226.0152483627
-123.33472833172718,35.2538951698744,47,5828,857,1944,520,10.917401383665348,NEAR BAY,500000.0
-123.50556766660542,41.58428491768545,38,8777,49,186,1618,6.184428254652073,ISLAND,374831.0162915264
-117.31226992015044,36.205024631031776,23,8491,378,3126,95,13.62147799623632,INLAND,500000.0
-123.6194594161035,36.16766702357444,25,2082,1962,3933,335,8.620057843819316,<1H OCEAN,451177.2561346703
-116.09852500472482,35.7430426510349,42,7096,1331,711,1876,7.030656107885999,INLAND,365393.9800401765
-117.25932803934877,37.634645585140774,7,9763,105,1860,1416,9.876754920818625,NEAR OCEAN,500000.0
-123.53325824235532,33.99050485630956,22,2411,1277,464,1124,14.315655799613012,NEAR BAY,500000.0
-123.49822935058467,37.750425077218885,17,7325,766,392,1916,12.021008269114729,NEAR BAY,500000.0
-114.4441386318482,37.63744228477814,18,9813,332,2779,1683,1.0801903927593028,INLAND,198244.75560581306
-120.59232121060855,39.709496056611826,49,704,384,3500,1738,5.318493705729415,INLAND,226366.9878600636
-120.62875284344841,40.38464614183268,41,8275,1820,3715,1798,7.322897931792729,INLAND,382491.4649153013
-116.18949234473467,36.684553106439914,10,5885,1842,3787,716,5.060504797032026,NEAR OCEAN,341984.63743981934
-114.83962428306606,35.384955876397555,10,9709,1882,3947,1029,10.65271963204162,NEAR OCEAN,500000.0
-114.45054931921838,34.98034138375386,7,4697,924,4291,751,12.480902673007424,<1H OCEAN,500000.0
-116.78608302000022,34.37141030339284,48,7859,1312,4468,1114,11.104503880186439,INLAND,500000.0
-120.5723537612696,33.08246374849282,50,7632,717,2219,988,14.84533265900999,<1H OCEAN,500000.0
-123.51165280434536,35.762435480834654,38,8840,150,1928,873,4.4519408944489225,ISLAND,280996.152828836
-116.54744496408854,35.08303078295067,27,938,822,4020,685,13.187347677854111,NEAR OCEAN,500000.0
-118.74362133265251,41.6339876010029,33,3915,808,4746,1800,11.616028645030049,NEAR BAY,500000.0
-120.09081102716036,37.788040055012914,1,947,1875,4620,671,5.7515919845931185,ISLAND,268677.87984377804
-115.25020197364886,35.80787693727708,44,4809,370,2667,1114,11.144805883026045,NEAR BAY,500000.0
-123.23357727764623,38.00220012535068,34,4607,199,1565,65,2.009101368064581,ISLAND,270442.0733705963
-119.40404395291978,33.84984095966299,4,6675,1845,624,1090,11.945335493938009,<1H OCEAN,500000.0
-124.2360094065351,36.71845167999273,17,4873,1523,4492,1634,8.21879373751299,<1H OCEAN,395906.2162000342
-119.64464715437897,38.43286496457221,4,4568,1932,2917,1465,4.738207504284171,NEAR OCEAN,202806.10714617316
-123.78471511215434,37.14052859716697,43,5292,1206,3594,168,10.008770875870612,NEAR BAY,500000.0
-123.15706812066855,36.32073851415719,26,3420,1826,4527,929,9.803489981358931,ISLAND,500000.0
-123.17003648235786,41.892113339546164,4,4798,1931,121,1173,3.5375502294341956,INLAND,243713.89285380222
-117.83192856675473,40.82376191182141,1,4411,1139,2618,475,0.940762514767129,INLAND,137206.26980457734
-116.85970941217515,38.406250066280336,7,3773,793,3487,1682,6.787527510074272,NEAR OCEAN,395621.8057096752
-118.49297759842452,37.89784096872528,30,1664,529,3030,896,8.757922105494108,NEAR BAY,391701.71198362723
-114.6897876133156,38.38041511514934,50,1940,384,1167,1674,13.210776536373677,INLAND,500000.0
-120.58629938158201,34.434346934609096,9,6158,1000,2436,985,13.959143536890119,NEAR OCEAN,500000.0
-121.48145065373012,36.25824616411724,35,7231,372,3558,888,8.167675663273112,NEAR OCEAN,441677.4268285582
-115.62926475297782,32.91131420450336,8,826,819,1409,1548,11.4301505146439,NEAR BAY,402204.51197611657
-122.10509778126469,37.01488821275104,24,9536,1479,4809,948,6.869897448755956,INLAND,499995.3822490538
-114.67924570401627,37.649861335041614,19,6797,1126,1565,1043,11.318191270306949,INLAND,500000.0
-124.22796907411424,34.6831250167312,36,9357,1268,89,1020,3.4696221116179204,INLAND,273631.8738457079
-114.6124165798553,41.61151145182749,50,382,431,1432,793,5.880438654651206,<1H OCEAN,208955.64644635725
-123.91667448401621,41.09796788891945,43,1181,754,2080,263,9.696305982797414,INLAND,377415.0787095654
-115.40292313847137,39.33536784564008,27,3985,1000,2671,493,0.763290501302643,ISLAND,117604.53503103882
-119.05188086477355,37.559168176682064,32,2981,137,1950,401,10.975688999914833,<1H OCEAN,500000.0
-114.38063344696222,40.72640979228472,14,3070,501,2267,1146,12.615264768388418,<1H OCEAN,500000.0
-123.6090824900566,33.769438555378784,18,9444,211,4846,508,6.287554085862296,<1H OCEAN,479923.3194972122
-118.78930298461074,39.97869716412667,28,7085,610,4656,1080,6.995165049068882,<1H OCEAN,406902.22925572196
-114.61820254238425,33.71456385942804,29,1047,609,1333,1697,12.8435920771397,NEAR OCEAN,500000.0
-119.0980976445317,40.01352233458991,16,4860,678,633,1592,11.746992212227484,ISLAND,500000.0
-118.03083767312197,35.13497281724527,35,166,126,508,1563,4.6781675909839375,NEAR BAY,171006.23659351253
-117.36468316259445,40.79342236738116,47,8928,401,2315,1786,5.197653545142315,INLAND,318162.81681386556
-119.78640770973155,41.423436102897,31,8605,802,2716,1376,10.34373436966365,<1H OCEAN,500000.0
-118.04931687595601,33.940170072102134,4,664,409,865,416,8.666372340498338,NEAR BAY,381873.56403268606
-118.48348430829208,36.89377744366536,37,9893,263,2561,315,2.8523287808992057,NEAR OCEAN,232641.18867726
-115.30237357467047,41.77109122851087,17,9117,604,296,126,4.993983683822913,NEAR BAY,334393.7843727715
-123.89371834137175,37.08886397250731,39,3770,888,4875,879,13.549757514740485,<1H OCEAN,500000.0
-121.529129576494,40.66598218686187,48,9317,487,466,973,10.478529332472819,ISLAND,500000.0
-114.80786869987135,38.07996362325572,46,2351,885,4513,549,14.796627606440031,NEAR BAY,500000.0
-115.4117516097352,36.071854433523455,26,904,953,3767,1868,11.621681684721157,<1H OCEAN,500000.0
-119.77520620203144,35.22922325749844,48,4731,1581,157,1126,14.158629266082059,<1H OCEAN,500000.0
-118.12386871807257,34.45232928712008,39,9683,1253,2681,953,3.6347343211218934,INLAND,347817.8666872419
-121.56509292286943,39.70852098086414,41,1335,623,888,307,11.686530684845422,INLAND,500000.0
-122.46126355637344,36.1773461692047,4,6820,1680,4563,725,0.7931540421430627,ISLAND,143921.727092423
-119.69446801440257,37.35110209930907,30,7006,1034,4966,1504,10.226020314817243,INLAND,500000.0
-120.80234363061842,37.172782766811125,30,6116,1990,1471,234,7.3045930327435,ISLAND,412476.3733218988
-118.49009263701724,37.97219566508377,22,3649,1116,4828,1324,5.5280210428409955,NEAR OCEAN,325816.1550301564
-123.56954424487155,40.68508094032704,11,8038,1678,3962,751,13.004863108249792,NEAR OCEAN,500000.0
-114.56707613103168,41.768757223120076,2,4241,1352,305,1997,12.886881543534194,INLAND,500000.0
-114.44844412542479,36.375367402679615,44,7066,1739,2877,1502,0.8233747210303319,NEAR OCEAN,128442.00862019979
-117.34045639124176,40.32695305702031,12,9646,1742,887,1844,9.33782427551675,NEAR BAY,500000.0
-118.96759248190503,39.73420654770089,30,5435,1753,3012,363,5.833567252653868,NEAR BAY,341414.3608911344
-121.24234273248527,37.93690743319694,36,5177,1633,2332,213,6.527084521756513,NEAR BAY,344634.35260732326
-116.17949800214224,41.536403621388295,18,5711,879,602,177,12.564590718672251,NEAR OCEAN,500000.0
-117.47529902755905,34.42646519112227,26,8189,1229,230,484,4.992676687151335,NEAR BAY,330662.47884362325
-122.71732592897729,33.56817621901354,7,2992,1899,4302,123,14.174207754245492,ISLAND,500000.0
-115.20429106768182,40.57578210905052,1,5677,1296,1527,53,3.104690482396041,<1H OCEAN,199570.7447126846
-116.09172608105138,36.67239977452357,26,3718,32,620,1145,10.109475138838578,INLAND,484523.44634920516
-114.81400887054909,40.50997691808844,23,1659,318,1777,658,10.245523471699588,ISLAND,491197.09464237577
-117.06377613578087,40.94397883088886,26,6783,1119,641,1769,4.156829840704814,NEAR BAY,299711.4338983411
-118.19131143280467,33.12772595595546,45,1607,1094,4566,344,5.208883830024429,<1H OCEAN,212587.27446125835
-120.15083991564218,40.853403419698836,6,2163,806,2310,1987,12.604578142409137,INLAND,495891.2723785537
-114.9854060271257,36.75868231102626,6,3742,168,2997,1851,11.54617619684681,ISLAND,500000.0
-115.6547185494159,37.343169721529826,44,2100,1774,397,710,5.271890264564013,INLAND,164827.3642484747
-123.89600455213386,38.43623552938711,8,1394,141,215,611,8.242369930556542,NEAR OCEAN,348271.1381910762
-124.08527557604758,41.25726032933012,24,4165,1254,4493,160,1.394364295669884,NEAR BAY,176060.81564358526
-120.57030779654438,32.71988244858408,22,8114,1323,2946,493,3.526815294780124,ISLAND,293359.6527929326
-116.2120445589504,37.02709703687066,19,1703,557,4543,1074,7.544398103475787,ISLAND,307519.828183807
-114.43774766167796,39.011464419271576,37,1422,1728,632,903,1.7466191615485682,<1H OCEAN,125087.65721718522
-122.83981441332057,39.34067247194033,18,6056,1199,3556,1978,12.728319145933094,<1H OCEAN,500000.0
-118.38492761786456,39.05673018076419,31,2541,1281,4453,82,10.911090046560894,<1H OCEAN,400224.08143098565
-120.52585579942455,33.805034567730424,37,1198,395,3088,1603,14.182688224403174,INLAND,500000.0
-114.61205944594138,35.35731248657752,30,5173,101,2895,1130,10.555270136478393,NEAR BAY,475911.6755384387
-115.89512601171748,35.915513094174095,42,9797,511,2816,323,14.13581989780169,INLAND,500000.0
-115.93317980470017,40.10975412426414,33,9418,375,4244,1104,8.540432057518993,NEAR BAY,500000.0
-119.64432067565849,35.16313039942094,10,8588,944,1315,415,9.203169860398557,ISLAND,500000.0
-120.18521219652985,34.52273370999038,37,3887,1316,4303,353,14.666080292080784,INLAND,500000.0
-121.6049929978157,41.549585859148486,12,2196,1623,4699,1995,9.810872629531776,INLAND,463930.83801120194
-123.78399001362469,32.62340351291774,30,2308,1087,4796,805,0.9464052484808256,INLAND,48838.79609780198
-115.66818734239926,41.92949425196742,27,6088,1024,3017,430,10.995140261142588,NEAR OCEAN,500000.0
-116.18847386833403,38.9088884222481,39,275,1616,2324,303,13.629296035992526,NEAR BAY,489790.6693016808
-114.31283456020725,40.3358961078162,9,7269,142,2520,485,12.035913622017736,NEAR BAY,500000.0
-114.34376615577798,35.31236851961768,21,6114,1392,2340,99,8.965582453068627,INLAND,500000.0
-118.77346567574962,32.67470676284703,12,1767,727,2627,1735,10.233900939855987,NEAR OCEAN,450101.6081458627
-116.62936635158768,39.483352169664,29,8967,349,3710,803,14.85778094414924,INLAND,500000.0
-114.86455207198043,40.38930065777636,33,1923,1452,1118,1120,1.8146002833854058,NEAR BAY,202464.43446337635
-115.8195401975988,39.50788040168262,43,5247,1010,2786,1997,10.175050015181974,ISLAND,495895.28207078535
-121.86662505849829,33.88422120350089,15,1456,342,4879,752,4.6092665712736105,NEAR OCEAN,215883.9077030722
-119.82653688148666,39.62975674843808,2,3172,1154,2000,1948,9.781310750499467,NEAR OCEAN,413986.55467293074
-123.05323947187898,39.775563379632906,39,3359,789,141,1837,9.310541850317112,INLAND,402121.2802298631
-114.77132768632242,38.736866252455215,44,6299,1132,3143,1583,2.72512406556835,ISLAND,246628.46474015233
-118.26400667011316,39.749150927606465,18,646,452,2269,1404,3.4978263632334676,NEAR BAY,71041.65205399993
-122.05442623274523,40.50012074736746,3,5331,729,1437,96,9.513628881626596,<1H OCEAN,500000.0
-117.6061251285652,38.31401471497448,7,8065,813,4324,528,2.3593342359047247,NEAR BAY,264037.6077965818
-118.14399246580273,33.37377035845468,43,2183,731,2335,1207,4.345122689389681,NEAR BAY,251531.50048589666
-120.75404631095027,37.128577688968456,18,2140,1142,3256,1052,12.611060442201035,ISLAND,500000.0
-123.20988177431572,33.270680239259804,44,4634,558,2974,1218,5.24282683702376,NEAR OCEAN,336019.4214503671
-117.60740511624829,36.37497992201517,38,1852,620,329,481,7.576872265910112,NEAR BAY,352497.15394701756
-119.12611068292591,36.370872062672156,37,9907,1189,1668,1350,14.146534859614684,NEAR OCEAN,500000.0
-116.59592334697419,33.16115263335967,33,1949,1737,2837,1631,3.7936617881357213,ISLAND,235812.0823850436
-119.12755844883559,35.8224012246528,44,2742,276,420,264,6.14957725169115,ISLAND,237575.64537329262
-115.79409773680186,33.584492109626275,31,1700,1232,3233,141,9.293637745381412,INLAND,370591.77695641713
-118.80885533870416,40.14549332618678,11,4502,1283,3884,204,11.452414477807597,<1H OCEAN,500000.0
-118.71818276578472,41.457744324325674,4,3899,890,1753,51,13.573974107334225,ISLAND,500000.0
-115.54839782931022,33.220498032177204,18,718,918,2318,1017,13.774358319815969,ISLAND,479494.4642804973
-120.29903202322753,41.52763410061491,4,1232,1546,353,781,11.761281078403032,NEAR OCEAN,409529.12057936686
-123.00448710635557,37.45744579975877,49,5591,1751,3824,588,3.8107971306030013,ISLAND,260502.32016355704
-124.06102192981407,35.35891302954595,34,5895,828,1398,329,0.8597352856172041,NEAR BAY,126137.56805831908
-116.76842195303686,33.263272128348696,29,7733,696,2472,1415,6.064721990156545,INLAND,356930.2874034233
-118.12209210441121,37.25087436254263,24,1587,1862,3678,1699,2.5524583393234384,INLAND,223495.59028814227
-117.2810391282838,40.016391273657945,22,7948,290,2478,849,10.800620887855322,NEAR BAY,500000.0
-122.21183981845053,39.19368375107963,2,5109,1563,3083,1639,10.086393508972893,ISLAND,500000.0
-122.98083038510883,33.01262676787599,44,9849,569,718,1011,1.137588803511095,<1H OCEAN,254989.79202589495
-124.20397155669446,33.22600627081197,6,2213,1157,549,1099,12.630609797398792,ISLAND,500000.0
-120.83010090958176,36.331037589573114,42,1144,1382,1464,810,4.106777361222143,INLAND,130064.86923313818
-118.42722642397948,35.318683548991146,25,2531,587,579,1316,6.767292594620113,<1H OCEAN,359773.281485437
-120.41186978719868,34.72673647995741,21,8079,1986,3671,483,10.185039164108264,NEAR OCEAN,451763.4412015609
-119.95775178288176,35.18425233473099,16,1682,1005,3506,697,6.726572409357673,NEAR OCEAN,346236.770123016
-115.27224670728276,40.10077261442369,31,1408,378,804,1499,6.898673140599179,ISLAND,311671.20251499006
-120.85351511108607,41.28403598467575,14,5017,1693,2397,998,1.4516059323682353,ISLAND,189333.07541590786
-119.1895455288355,36.352016355504404,39,8893,1657,4960,689,6.320931464270055,<1H OCEAN,431085.40941017325
-116.48212375207892,41.0665045300668,28,1720,1377,776,1292,11.590294451689761,<1H OCEAN,436294.57158799085
-120.36871046549444,35.56527454874257,32,7603,1732,4876,717,13.770056889205668,ISLAND,500000.0
-118.10424952971215,37.023272041495076,28,4866,1212,4973,1013,6.495708487418891,INLAND,399593.33527347754
-115.69186836418268,34.66693286944856,51,5462,1382,2699,97,6.641994489746644,NEAR OCEAN,350962.3388746287
-114.81681293847727,38.566879556874696,49,5292,817,2096,553,10.688093041692955,<1H OCEAN,500000.0
-122.87338225147245,41.752212293794955,9,6722,1304,2865,127,14.17019401602651,INLAND,500000.0
-115.0470602433786,38.2188700337682,45,6193,906,924,1316,4.372383633470723,ISLAND,321282.95284936886
-119.40915241748144,35.9070305315085,22,6804,1778,3329,783,6.882090994800084,NEAR BAY,368386.90487869474
-121.75722634147846,38.635962166770874,32,200,1242,3034,34,12.041612031508366,<1H OCEAN,500000.0
-119.74027700736785,33.6966835843593,5,6757,230,2228,389,9.340556755923558,NEAR BAY,500000.0
-114.51047294413381,40.9022819452974,23,5975,306,3857,1347,2.1035019874773435,INLAND,245225.56741667062
-119.4041143363116,37.27401997683826,5,4371,1735,657,1715,9.602124665652854,NEAR OCEAN,452097.49098416266
-121.04933383271342,36.76838107259303,42,337,1805,684,224,3.2078211266612398,INLAND,184167.38598552212
-117.99065542266007,38.052987659347615,32,7326,762,4629,1156,7.898131044136861,NEAR OCEAN,441348.1274811019
-121.93893798746694,38.41921614884828,10,8132,1515,2777,1723,8.171997381076359,INLAND,444932.0829835003
-123.58833218578901,33.21541033659149,39,5318,1525,1124,884,13.20494875226228,<1H OCEAN,500000.0
-123.05604759201708,38.96342805171222,15,4125,1066,1964,1296,7.206166973180353,<1H OCEAN,252113.40286013565
-123.06441977686396,34.816577111769135,7,6173,1603,638,460,4.551915122420466,NEAR BAY,455031.07208217157
-122.82489695713656,39.25829427188701,29,2642,1152,3281,1229,3.8490120491324578,INLAND,241887.49192448112
-122.95617518659992,40.280052415155296,47,1637,315,2354,878,13.176652211922875,INLAND,500000.0
-117.91561756217573,40.10524955606922,3,854,25,3888,246,2.9796573890643114,NEAR BAY,152570.08790463943
-122.52392395263259,37.739034103308235,19,7496,569,2023,547,6.675094132805584,ISLAND,452040.3381736993
-120.87950047542842,37.43479868664417,10,7923,700,2105,1711,3.2140101664407315,INLAND,270397.8977445116
-115.34624436454364,33.88446279620386,28,5607,1911,3530,373,11.712908581658443,INLAND,500000.0
-119.59142513176076,39.83600727529351,29,4335,814,2129,642,7.378403279631975,INLAND,455614.35549277917
-117.64772030524888,35.09396227000358,15,640,222,3102,1044,5.5915835130737745,ISLAND,372804.68025604973
-122.61990849313563,37.213903928716874,35,5610,344,4532,1596,5.735944789083769,<1H OCEAN,280565.7272485203
-122.41941825116095,35.215019214447935,6,8561,844,1301,1603,12.857105997483202,NEAR BAY,500000.0
-123.93967909268454,33.79932489582711,12,8026,1828,3845,946,8.529722337269352,ISLAND,432358.2742991246
-122.65389196675547,38.464137927751246,47,5231,263,3872,1463,10.909083841403323,NEAR OCEAN,486409.7367411022
-121.55295299611913,33.05126444768352,38,8797,346,4352,1663,13.507058485634925,NEAR OCEAN,500000.0
-122.57281473786146,39.58475165312754,13,1229,1006,3439,1204,13.57525430258931,ISLAND,500000.0
-123.45942656107916,35.52849174340711,29,3245,1090,1830,180,5.263381287899016,ISLAND,293930.4365266776
-123.13881585414997,32.541267461172204,19,8653,780,2654,890,14.310543315622587,<1H OCEAN,500000.0
-119.72378116895143,37.34972520022233,3,3820,1634,3738,1171,0.860700289211779,NEAR OCEAN,150826.73969397994
-122.27840946720583,32.98087645924475,8,9748,1665,4938,1765,5.964115634734402,NEAR BAY,449469.87747703685
-120.69273059507732,35.13875553909467,8,4167,1056,1774,1194,13.489083433878204,INLAND,500000.0
-119.29569060061723,39.19264874695829,20,4295,926,2834,463,4.482234757346252,INLAND,306629.5683001894
-117.41843592056117,33.129909339461754,47,9973,1423,3769,1810,4.459681029659116,<1H OCEAN,318899.21218680777
-123.95530611599536,40.43817521306998,4,9344,384,1727,1514,4.888023133687386,<1H OCEAN,375126.52561363083
-116.32391959495321,32.57594547221726,51,7381,1645,498,482,9.378544080280372,NEAR OCEAN,500000.0
-118.04588008951129,34.8626126091899,21,2609,1385,4737,1773,6.85582524640813,NEAR BAY,348408.24704487086
-123.52913931923332,39.51190716839099,3,5116,1903,131,1073,11.037655127123468,NEAR BAY,500000.0
-115.57927061396796,35.51610210895278,45,6633,1835,1456,492,13.476204317187655,ISLAND,500000.0
-115.1044410986606,33.49880737170119,8,4827,1264,1530,576,10.275890936671479,<1H OCEAN,500000.0
-123.73677728305717,35.929801175912026,23,781,92,1129,99,3.464767442864845,INLAND,97499.34820866204
-121.57014841260207,35.08440082487839,16,4032,1789,3648,1082,14.023887584227282,INLAND,500000.0
-116.25573915087766,40.46991899933082,13,5660,1815,4564,259,4.335146663538438,NEAR OCEAN,190999.76589684509
-116.83747270854806,35.4886039044762,3,4116,1668,4233,576,2.6734672822582928,INLAND,211356.15786882667
-122.49740896566196,39.963854559412226,48,7439,1089,3730,609,1.804525543483933,NEAR BAY,263035.9170503044
-122.24813279369943,40.93251688266902,9,819,1547,2753,1380,8.6690642396594,NEAR BAY,297193.38458810124
-120.63046008797453,36.622221918215146,14,174,293,4360,1951,2.1495557059694512,<1H OCEAN,97384.62179723648
-119.48538922868214,41.10256498366983,13,9585,1598,3806,1904,2.512250319633146,NEAR OCEAN,287076.11942230165
-118.14272209383583,36.090562887793645,7,4257,227,1808,1843,4.850441968634701,INLAND,363579.6724207575
-120.64610705871948,41.61197789917192,15,8611,1972,2649,1995,4.583968640424725,<1H OCEAN,310860.2395898547
-119.7061514500232,33.38021442578564,7,2249,1904,2600,1323,9.261472899816063,ISLAND,461346.7867670462
-116.84539178113708,39.00485129779552,38,9744,1658,3903,1159,12.342806552353881,ISLAND,500000.0
-123.9817006429784,37.1867901206997,34,9847,143,2796,288,11.53957001494194,INLAND,500000.0
-121.81553307878603,36.18777525933764,41,6813,1053,2342,1959,4.306024593388913,INLAND,323125.8303003234
-117.18797015771909,38.49381877902434,22,4307,1372,1551,354,4.057002220796709,INLAND,302292.9368191546
-115.36212334962052,39.163295232279054,24,7241,1230,4454,331,14.50397718655103,NEAR BAY,500000.0
-119.21275848115872,32.581058367409405,49,8752,562,280,1096,0.6194255030834218,INLAND,178459.50241422586
-119.00758060793623,34.11102856511114,37,9178,1711,4300,1111,13.25594772937313,ISLAND,500000.0
-123.27399300614864,39.24976333646894,44,4036,79,1248,713,3.396063527274872,INLAND,319763.7989330051
-119.85797983709251,38.81068674177092,1,9407,1804,164,53,14.235622684801633,NEAR OCEAN,500000.0
-119.00252264479157,41.630507023260854,10,1175,918,1463,1839,5.463455629999036,ISLAND,228605.49915363343
-121.91559614350732,39.70136560625987,43,3976,905,4456,1861,6.885100721452158,NEAR OCEAN,432278.44989411643
-121.6467979612682,41.4867711797519,16,4715,1994,1042,405,10.753248902193524,ISLAND,500000.0
-120.56206700242959,39.15090611944254,46,7365,801,2397,268,9.021201246362274,<1H OCEAN,500000.0
-124.14848517431162,35.34467128329716,8,6479,461,1091,1154,5.110120280748931,ISLAND,388647.07891446044
-121.1163251775449,33.53148391838056,49,9218,1260,61,1137,8.53054828008344,ISLAND,500000.0
-122.22706200975469,39.89696255407585,25,4752,930,3726,1453,11.09524982326185,NEAR OCEAN,500000.0
-121.06192658413373,38.60144417408837,50,6892,1045,4875,1222,1.1138567155861354,NEAR OCEAN,141164.54865821128
-123.14758819653471,32.993430376620914,12,9347,1579,3115,1090,0.6623899262077098,ISLAND,148184.36776677327
-115.40910610137146,35.92807488412821,25,7556,1761,2086,813,7.141970616556924,ISLAND,453839.605910913
-118.39033176631735,41.54348626370714,17,4774,851,3096,871,2.4116309581509556,NEAR BAY,223292.4465061972
-117.53181271578933,37.248774781132994,26,641,1027,2400,893,10.13299222623836,<1H OCEAN,455509.7487953296
-116.42672076438232,36.61198116994542,46,2261,1754,590,1647,3.6037606152977957,<1H OCEAN,183196.5604683316
-119.34564032275226,36.84695328454896,48,2351,1399,2910,395,6.776341048537229,INLAND,414579.3770493356
-123.47732030760226,34.50558643288859,14,9344,645,126,743,3.3662285846769,ISLAND,253606.8924555896
-118.95745032014177,36.009534477837725,41,4669,1835,3117,1630,8.453011993362306,ISLAND,357917.0125407438
-118.45811517507038,36.01994273883933,36,2844,1710,73,1933,2.182775161076249,ISLAND,103209.9267159337
-116.86578767918932,33.032660739964115,23,6141,1208,725,221,0.8350493654184638,ISLAND,156519.67561064762
-120.01613815585402,39.76281138435361,43,4775,1017,2444,464,1.2414087525471091,<1H OCEAN,90300.54475247714
-123.06909375993254,36.4593067042155,6,1660,753,4317,1962,14.336747401971994,NEAR OCEAN,500000.0
-121.50088990578081,40.27671273494254,47,1264,110,3448,1976,2.5631501698585692,NEAR BAY,90857.73713320702
-120.7046537441577,40.54177469053822,5,5519,186,2809,316,10.77293467048411,NEAR OCEAN,495420.3962573777
-117.86499089703072,34.534864054714376,43,2822,978,538,1351,1.4849299612309805,NEAR OCEAN,168591.1447627216
-118.61938582112413,38.72569626722091,25,570,226,1535,1766,2.0683251074101414,<1H OCEAN,104504.79453543268
-120.77478887198562,36.98417177717366,18,9708,1325,3709,512,7.878705645435353,NEAR BAY,500000.0
-114.44538690211849,40.822274903841176,13,1568,1108,3285,357,7.240628487237983,ISLAND,318605.55148367037
-118.26802081365685,34.57011979105043,43,8025,1931,2469,1988,14.29791448687811,<1H OCEAN,500000.0
-121.96824301097061,38.91822221491752,14,908,535,3545,942,14.200114068800692,<1H OCEAN,500000.0
-123.32810397489114,38.25894747039812,28,8463,1200,806,1689,11.804325316865743,NEAR BAY,500000.0
-122.8152942425893,35.318786903950944,18,6819,1804,2574,1885,9.230476536846572,INLAND,453196.2530170758
-121.88058440701954,33.825414503357536,28,5173,1812,4300,1109,7.096924602198659,<1H OCEAN,485056.5580836382
-122.73675901247405,38.67193014609117,51,8112,766,306,811,5.664588747762106,NEAR OCEAN,453464.6201308948
-122.47686707852489,39.49020208102523,27,1745,325,1829,1465,14.232769431145554,NEAR OCEAN,500000.0
-121.48764450631377,35.51005330481313,32,8349,1921,4819,1583,9.24217776565794,ISLAND,500000.0
-122.60932910324065,38.607874803849974,47,1229,414,2165,1967,8.89655165144692,<1H OCEAN,372421.110557059
-115.3464751367507,36.258181840624246,9,1453,1117,3398,1672,3.8625662656492654,ISLAND,291260.4789280261
-123.5444531935571,39.25127677168943,40,867,206,4818,1536,1.1771183593341394,<1H OCEAN,84244.64946619245
-119.08390564871465,34.41461573675304,32,3995,1617,1522,1925,14.205234406513394,NEAR BAY,500000.0
-120.2296158570238,40.9169231748064,20,8974,1380,308,981,5.049161253247481,<1H OCEAN,388780.70895734656
-114.4869186862376,35.244524302741105,28,3554,1719,4125,336,6.917540838204651,INLAND,270932.08666345966
-123.22512942223275,36.0008661447854,33,7429,1611,356,961,2.162279181992749,NEAR OCEAN,231387.50178237748
-120.35552978558076,33.086645269076094,4,1890,642,1168,1880,12.635402783684734,NEAR BAY,489171.4071311191
-114.6165168499153,33.58932991794321,46,9769,749,3067,645,0.9006615764109941,NEAR OCEAN,139023.16185492813
-115.66030845602444,37.39426050452301,34,985,259,4391,94,12.5928660504369,ISLAND,500000.0
-116.14659640766924,35.05804708801021,48,7834,552,2830,1757,2.5341326854255186,NEAR BAY,256695.6574701126
-121.7606556164688,40.40186892423405,3,4006,160,1708,958,13.355179633151705,INLAND,500000.0
-122.63428862260373,32.678264787243116,26,4592,1308,236,78,11.081703241374282,NEAR OCEAN,450249.16615423944
-117.63682207195872,36.10727499800292,8,9830,158,1847,405,2.887718806355924,<1H OCEAN,301052.95403055183
-115.01906506915904,35.714421595097164,6,2173,478,974,34,8.704360896462287,<1H OCEAN,384175.60326106154
-118.76010055414014,32.72187300693462,16,412,89,834,1274,5.033516558150682,<1H OCEAN,247833.24700418135
-118.6110085977222,33.7103066345948,24,6369,404,3494,1660,3.08437993421796,NEAR BAY,203063.4870081815
-121.53900989965075,36.43237757098436,48,5417,649,3246,1720,12.958141891461072,INLAND,500000.0
-116.62429095075295,37.177855739650475,39,910,217,1410,218,6.3510801143548266,INLAND,226013.62787695508
-122.47208076448246,36.34436652166832,30,6941,224,390,1959,6.278883858298046,INLAND,379072.85564591805
-121.1002604665014,37.536123553857806,45,2132,1769,612,1397,2.96335678469599,NEAR OCEAN,61524.57327994838
-120.07861815629117,38.14018906086247,13,9799,587,4796,54,6.0544523032437905,NEAR BAY,397948.04839853145
-119.25359179800807,32.63338315681293,5,7229,1842,3049,181,13.138444271768327,<1H OCEAN,500000.0
-121.9162062865526,36.907135450457474,25,2805,1001,1243,1800,5.765366302099721,NEAR OCEAN,225442.4192677161
-123.1970382796184,41.60652785675221,20,8888,824,3160,1001,14.298251656246928,INLAND,500000.0
-118.219374773886,37.424093756019055,18,2247,1730,118,818,14.221479038521618,<1H OCEAN,500000.0
-121.45214924546782,38.91567273678875,47,715,878,2478,914,2.6010305599565173,NEAR BAY,166192.39359020363
-118.51436825691697,35.474638902997874,18,1047,901,3648,490,3.071013176078351,ISLAND,143554.37001771227
-122.80019833864701,39.8232588684175,2,5777,993,2422,550,13.008774019812392,INLAND,500000.0
-119.51935337737763,39.813191144454244,10,4751,659,4606,811,6.195033324408429,INLAND,358801.79773590364
-119.00280209718207,37.445395808425445,45,7966,1474,893,871,0.5634227431036354,INLAND,247870.2527257916
-123.82969169030282,41.724290077057404,50,2113,1933,623,1466,4.471141385727879,INLAND,282569.5109221185
-120.97049304693303,33.72142752091657,47,3797,344,4264,367,9.16562040133562,<1H OCEAN,359453.05245437013
-123.00047664353269,32.699477526610956,12,590,461,2646,713,12.089356506419536,NEAR BAY,451659.024553302
-123.7137152964534,39.78718877263427,47,4450,823,4791,954,2.4341349478522636,NEAR OCEAN,133668.41675462402
-114.41079926680496,40.135333606603545,13,2528,307,1528,932,2.1028497840426628,<1H OCEAN,171012.64027601585
-121.11356739645377,33.67115002602462,50,5087,245,2123,166,13.870343476798809,NEAR BAY,500000.0
-116.21886056361947,35.03913445814048,47,8833,1107,1563,1417,11.391651333427449,NEAR OCEAN,500000.0
-121.7934078261718,32.70516773927998,11,9579,986,1018,1731,9.051804211282137,INLAND,500000.0
-117.50771266887175,35.300034027445115,19,9925,957,2246,694,11.653208454940957,NEAR BAY,500000.0
-116.71731228670755,39.815265033574704,35,5020,579,1561,1459,6.7183882389462575,INLAND,437945.4766805975
-118.36978704429724,37.41400856577537,39,3026,733,704,706,11.497608335982335,NEAR BAY,484576.63147829555
-119.6153750669564,35.81557953171359,26,9644,517,3042,1537,5.8911433734807686,ISLAND,289954.77701098775
-120.21511722196142,36.03806676506857,46,7382,868,4700,1602,4.039371301142735,INLAND,289438.6169650072
-120.84736260390832,32.55273761798255,14,4476,945,4570,1299,11.070694608748045,INLAND,460350.3421734816
-115.01752739175183,35.36112296438887,45,9590,1960,342,979,6.585248236280391,INLAND,358007.4579697533
-116.0105811458112,38.623176758812924,44,4968,79,2651,705,14.729968012729826,<1H OCEAN,500000.0
-114.66112981690821,41.707169716311924,24,7086,1440,4576,1146,5.567535143467464,NEAR OCEAN,319828.97010231286
-123.10205587620513,40.51084238191849,41,6962,276,4462,140,13.865047597700457,INLAND,500000.0
-117.01209054895541,32.76202861731443,1,4523,596,4543,438,14.027956954222653,INLAND,500000.0
-114.92906181351678,40.99545528999024,51,6970,258,1638,369,4.006867732438819,<1H OCEAN,381999.43324949476
-122.53042001569676,39.90989706914007,43,8259,1844,645,1700,12.074207133026194,<1H OCEAN,500000.0
-123.68237747563755,39.883339322802925,22,2173,57,2643,61,6.7795803245961945,ISLAND,362222.69229532726
-116.9091486811278,36.849740092223605,23,6270,44,2173,1410,13.804108544840046,NEAR BAY,500000.0
-118.58228994367369,36.28522980670187,19,801,429,1993,48,7.0268019532109625,INLAND,218068.98406026204
-115.89803908134695,35.39043700832034,18,8213,480,965,985,11.29240390139181,NEAR BAY,500000.0
-122.94668533867205,33.15818862276058,12,6925,1614,3919,1935,7.271027432875069,<1H OCEAN,429151.7689965846
-116.3655161889267,34.68769477047571,28,7967,1007,2844,804,3.803110957836415,<1H OCEAN,316846.2163886078
-122.32566170672064,34.86054020514321,28,4364,1460,3128,33,3.3905768696979512,ISLAND,250038.57135018683
-122.70689433362833,37.095165225973,33,8068,376,1025,939,6.66875231671701,NEAR OCEAN,455266.3334536805
-122.70077138877282,39.57345186607489,19,8246,402,1125,1996,11.454672526706116,<1H OCEAN,500000.0
-116.17166980887693,36.998550485224676,28,7876,1852,3039,837,9.273536535121119,INLAND,490003.8611771749
-117.67141990421015,33.08431626929778,49,8658,1201,3517,844,10.485124703557878,ISLAND,500000.0
-119.09842313531804,41.552802027299,37,8819,588,1501,1528,4.593732085613166,NEAR OCEAN,456067.1596103588
-120.74734193940003,41.4110358426756,26,4986,1476,3873,1232,7.48081251638528,ISLAND,372925.7170812336
-115.5429065702364,39.928633601026526,35,4035,1091,3982,891,1.1437313420552415,<1H OCEAN,86753.28956635942
-120.40985112147673,41.86839555371932,34,4719,1371,2078,314,12.35422003139275,NEAR OCEAN,499308.3186528769
-116.15134162770536,37.663578751650476,35,5291,452,412,1226,14.853436352478182,NEAR BAY,500000.0
-119.941085517955,41.59965017588267,40,6975,1474,2479,883,6.3997464080577275,NEAR OCEAN,418111.70825685625
-120.56547792857393,33.25144343220362,16,7956,75,3682,567,0.6589729704073786,INLAND,156512.5782219346
-119.70469495187714,35.98105584113951,38,5501,596,2368,1925,2.9619932734887366,NEAR BAY,242637.95926692858
-121.324166143392,34.660837731943666,13,3122,287,3135,1080,9.961639727381073,NEAR BAY,391514.9135555078
-116.84400182303044,34.382789321703484,23,5838,88,2395,1027,9.375150113955959,INLAND,500000.0
-119.30268728347151,33.86495574908008,22,6084,1771,3648,1057,11.924038433990386,NEAR BAY,500000.0
-122.01858454072595,38.39691236713603,16,1870,921,4379,1966,4.181318158935488,<1H OCEAN,219090.70903502294
-115.31827128432333,39.892238662582145,28,9089,1644,1781,654,11.572662775433443,NEAR OCEAN,500000.0
-120.49573213741296,37.981787938545594,48,3315,1492,76,614,10.475768312093212,NEAR OCEAN,387308.64121531136
-118.89272927441556,33.922919097225055,35,6794,812,142,1202,5.180810216850728,INLAND,384814.03198766755
-115.24902000591595,40.172674675073964,45,3076,276,2714,1537,8.409578146825949,<1H OCEAN,358680.959219756
-118.08265052102352,38.52433379441069,46,3837,691,358,1372,2.635470223225737,NEAR BAY,192284.04275914427
-123.17634367128802,36.19263929465503,8,852,509,101,633,7.0621852998159484,NEAR OCEAN,229033.39276347164
-114.91408547892071,38.883566080994356,44,1492,765,368,1892,13.277361423556794,NEAR OCEAN,500000.0
-118.04781114716296,34.98570585467506,22,6889,1686,2042,1126,6.607275007468166,NEAR OCEAN,420233.4436452744
-120.98754762884285,35.78825868193052,21,777,68,4326,1599,12.673717243893618,NEAR OCEAN,468523.5503893576
-122.95170839045959,41.17354178387203,26,205,1702,3941,1623,9.05867379626557,ISLAND,315220.64467185736
-116.37798709972623,35.27364739836807,40,4853,335,4792,1603,3.282212339984173,INLAND,234601.8993123912
-118.12446953047773,36.96258960336618,21,2046,432,4006,1612,8.926040548119499,NEAR BAY,389585.8991854094
-118.99405063655773,40.9162281028965,25,5644,453,2742,1630,7.83675827277742,NEAR BAY,443815.5616627374
-115.37531846616838,39.199657906017435,41,1195,1045,3068,1065,6.280299360347568,INLAND,256721.60833317306
-116.43248399930572,33.12533235820985,1,7085,1884,2074,1175,2.23464137298302,<1H OCEAN,263160.5838457638
-122.82718420748317,33.92612164666511,6,1882,1995,4481,484,6.542275625784832,INLAND,270983.253817003
-121.22031043933269,32.61378936916373,23,4641,1188,1575,1499,1.555054455474593,NEAR OCEAN,184875.4075066867
-121.85516903626277,38.47697404605643,51,3357,1999,1328,1345,1.9321512452818932,NEAR OCEAN,99086.96059778948
-116.88077922257033,36.752606933112034,23,6313,1409,563,974,6.5307897275243825,INLAND,356942.04134009057
-124.01333435525277,33.80352634699041,43,4969,439,4387,949,4.928031488542723,INLAND,333034.80484487023
-118.62830756389198,41.55416007914421,43,1661,1616,1783,1310,13.920392725002241,NEAR BAY,500000.0
-116.69491479516347,37.52409800232829,23,4106,1828,3420,818,5.947734178013923,NEAR BAY,261467.85027195906
-115.54727300691204,34.81621589760229,32,9967,1604,3971,414,11.488942770045451,ISLAND,500000.0
-120.91549924289228,37.250679604565796,30,9414,863,2550,1163,8.188589132310518,ISLAND,500000.0
-116.10457666109299,38.93522733103737,13,4081,1487,3514,265,10.709242195313864,NEAR OCEAN,500000.0
-123.23925736096972,33.25741104113124,43,9593,935,2309,587,4.271681753723288,ISLAND,249623.25530503778
-115.85161899098544,35.12496289960066,18,5782,453,4813,57,14.157622106155772,ISLAND,500000.0
-123.0700138301869,40.13354526921838,23,5882,662,4739,264,8.186283205259148,<1H OCEAN,500000.0
-120.36123560277392,36.865446430489044,15,1043,1598,2709,40,12.55419903363612,INLAND,500000.0
-116.34515452757329,37.683290906523894,33,4650,76,305,1153,5.793162555403645,NEAR BAY,393961.63736628485
-122.8448290294183,36.61279858079111,21,9237,1605,1552,1649,1.9530645612326056,ISLAND,242424.08839401716
-122.04831599186427,32.95309846027068,39,700,983,4706,413,10.268818891952307,NEAR BAY,437343.90641119407
-117.09858421333361,34.09970542810767,23,6476,996,2160,1453,0.612514900892655,ISLAND,178424.453661701
-117.12083317307741,36.7325468205612,27,9709,1221,456,1006,7.39174816019987,ISLAND,454969.42445042054
-117.91287776583161,34.5084352294886,45,1624,1336,2899,1691,3.2956275886636592,NEAR OCEAN,158102.13212193217
-117.38275761755031,33.010302659687575,44,3866,65,3226,1786,9.596944814312751,<1H OCEAN,411148.1383003829
-118.90104658879014,40.47874333872766,18,350,1213,1910,27,14.701588160498856,INLAND,500000.0
-121.82193744857419,41.77302169943433,24,9836,1314,4404,1487,7.233842141649366,INLAND,500000.0
-120.87921222522064,40.00347444430932,51,178,436,772,347,12.353724719622166,NEAR OCEAN,409420.8655089814
-122.52675892331368,40.57411611324092,47,3223,867,1332,1930,7.862870710791255,NEAR OCEAN,426630.0088146078
-115.22915636421037,34.8170047962834,40,9189,158,663,309,7.689680451008349,INLAND,412499.1876806758
-118.49274638054816,41.57949983957921,51,7164,266,3381,1806,13.991140651092278,INLAND,500000.0
-120.32545177569305,34.39307087890676,42,8517,1191,3166,530,13.404505096826881,<1H OCEAN,500000.0
-119.71146173141291,41.49295451550485,7,1309,249,2028,931,11.89410674522563,ISLAND,500000.0
-114.83927527029738,41.901249556219604,50,5253,811,862,380,4.7957084230933695,<1H OCEAN,287861.32528303657
-122.81035191271455,39.23731160207032,48,4998,656,1836,1952,8.402622027997138,INLAND,383830.1570651561
-118.46425248655136,41.772562516161045,20,2278,1747,380,1642,3.7465098829324326,ISLAND,204645.86763239044
-119.27087766399995,37.89936932572645,27,7710,393,2262,735,6.936792121674826,INLAND,500000.0
-118.21099947623614,34.98228817968701,6,8995,1123,1266,238,7.521089453516964,<1H OCEAN,480023.1202072797
-124.16817375443875,36.652131284113494,27,2644,1649,4532,425,12.558780582455299,<1H OCEAN,500000.0
-115.59387595420073,38.12540840191438,9,5622,757,3387,772,13.4924112972124,<1H OCEAN,500000.0
-114.99153244386453,33.22769749867421,45,2470,1108,2425,942,6.511990904748929,ISLAND,317391.5346798268
-118.67606283676434,38.396250120048286,31,3381,107,1290,851,0.7567144535619394,NEAR BAY,84457.51390979925
-117.355625728276,41.772883443933196,21,4810,1131,369,1813,12.995720676945641,NEAR BAY,500000.0
-115.08810621297995,34.32891298446488,26,428,732,4544,1664,3.02704083826973,INLAND,196013.23939732224
-117.24932411149348,39.99832004427369,40,5679,1769,1964,1811,9.517288476410705,ISLAND,500000.0
-122.81850800914081,41.08332764946622,48,4328,1247,4250,813,0.8620780562949023,NEAR OCEAN,115117.15406026252
-118.5640648639252,41.42023198843828,45,6894,1956,4841,1263,6.2928438912781814,NEAR BAY,384050.8267200653
-118.25858093431613,41.57487603745526,13,220,1425,379,614,14.796424380672573,ISLAND,500000.0
-120.09172806012404,37.446935200369055,49,6849,620,709,126,1.9600572160051448,ISLAND,243398.00589672977
-116.95609987432778,41.73646741420005,23,1064,1519,3738,600,6.643550703994814,NEAR BAY,351137.77598421724
-114.96895517171909,39.666289049135074,20,4324,1616,3168,628,4.953674277754306,ISLAND,264031.3567584585
-115.05729213041597,34.061328214989814,37,3775,1826,4966,1767,13.623777789129832,ISLAND,500000.0
-119.82357271110251,37.0276300018636,28,5794,1649,2022,1329,13.10543156465665,NEAR BAY,500000.0
-123.21309001975881,39.29949636025056,17,2176,1862,1843,1792,3.946632024440318,<1H OCEAN,157605.67044375834
-114.46219436241816,34.86747237185757,28,6965,558,3268,27,1.6772229122312519,INLAND,130088.54378175637
-115.92746321208283,38.568188877195034,41,5743,233,4607,825,9.593506713886203,NEAR OCEAN,500000.0
-123.0983866807192,38.81271050782869,2,8624,93,2583,208,5.377346322313792,INLAND,430303.1591491797
-115.10474749852159,34.071004589238605,25,5349,80,2507,100,10.245223663787915,<1H OCEAN,402613.09939807886
-115.61624052489623,37.85745279018044,50,1416,717,3150,127,0.9657364629833098,<1H OCEAN,77846.80191733652
-119.14086590645424,39.8010092323087,41,1296,1586,4416,1364,2.4342889100735965,ISLAND,104454.82543214787
-118.41359462512091,37.234608203283216,6,3270,1262,2783,1622,10.45239737520333,INLAND,458700.4785229267
-120.3440128531439,32.65389032886317,11,9721,31,4530,705,3.5793745018862175,<1H OCEAN,213268.90644438926
-123.8001931462268,32.62505199403614,38,455,833,4205,365,12.935021298554823,INLAND,500000.0
-120.98461969387515,35.899646126757816,6,9818,1458,269,1906,1.3495678717969637,<1H OCEAN,254189.24443239995
-116.28935137607597,41.25548618394307,45,128,51,2868,347,3.624488750390832,NEAR OCEAN,88694.77268249812
-124.30349448903378,34.69184849606996,11,1113,1203,1956,574,14.979123603033495,<1H OCEAN,500000.0
-121.00166831622091,38.509362312282576,14,9119,1020,2661,1742,6.779603487508493,INLAND,493131.5960400081
-120.35238631634692,34.629733943224146,2,2124,256,2643,321,10.693002121397331,ISLAND,416883.27135982004
-118.95454814650326,35.56691460269635,40,8590,1782,145,219,3.1486142084266984,INLAND,348897.0870105751
-115.11464961121588,40.520076063149965,3,5939,1224,1038,912,9.343096657290298,NEAR BAY,469226.1668572603
-120.87268621656574,39.3985861717602,35,5891,1872,1162,1462,11.028537991356568,INLAND,500000.0
-120.86658985296187,33.43770719951731,33,854,577,2328,1082,5.059911220064403,NEAR OCEAN,147331.57158576325
-116.94548746897813,36.574086017482344,24,9061,1384,295,1775,12.519008123650227,NEAR OCEAN,500000.0
-119.80973187346633,32.814487475901934,19,3835,1501,2208,326,9.249554887848108,NEAR OCEAN,385868.69362234755
-122.09496757768258,37.06517627953431,18,1338,1123,4379,1047,6.142283639417938,<1H OCEAN,230582.72245992508
-119.80750725802775,38.77350405010705,49,2006,666,3399,1676,8.5858147034758,NEAR OCEAN,286969.35912142287
-122.9357955153868,33.65510968805861,24,7499,1815,2775,1891,8.863032287820902,INLAND,442778.50235654163
-122.57907465547751,35.25840727513525,45,8061,1006,4127,1120,2.900261744061057,ISLAND,215215.6542198088
-119.34638756169562,36.2836426459753,35,9856,839,4948,487,6.339619363071009,NEAR OCEAN,382437.2379448247
-120.14398848697434,41.19278694201343,1,9510,1802,2716,198,5.47974352628265,INLAND,418820.4738619874
-115.16494715327627,41.88652969513009,36,4701,492,3249,664,6.313089477397328,<1H OCEAN,258234.09171948672
-120.71156525286901,32.96261532354875,25,9649,1714,2804,1866,11.53610353303624,<1H OCEAN,500000.0
-118.52089296320844,39.701084560091644,45,1560,1758,1467,1784,7.496806908266754,ISLAND,381366.8279191274
-118.00206654928792,36.03792346484605,49,7769,131,704,295,14.134584221969332,ISLAND,500000.0
-124.21853165585313,36.23303153241941,43,1516,1335,2492,1195,4.758307993697325,INLAND,216404.9456831623
-117.68808478495222,39.63763339919549,34,7866,1993,160,1207,6.527701885131471,ISLAND,401645.8761908897
-122.5625188926277,41.182392726488295,25,1528,1865,139,1333,11.9108737519461,ISLAND,486419.237822356
-114.70085401260667,41.488238074268985,16,4478,1674,812,1421,8.417356603150878,<1H OCEAN,298479.66104222
-122.85742621335874,37.9707235346206,34,7629,402,3222,640,8.431908123154493,INLAND,433515.876245803
-120.18717379778067,35.90051010901773,29,4574,36,2229,657,1.273432363575161,ISLAND,215488.6004718672
-123.49308933249041,39.95083689793111,19,3171,512,2554,1795,6.2796951094176094,INLAND,330799.9905472857
-114.34138251146669,34.901923016498245,23,655,1374,1514,1353,4.425639120115121,NEAR OCEAN,178056.80618316337
-119.30796209627432,37.847936611323405,19,8647,945,147,949,14.990359281051173,<1H OCEAN,500000.0
-118.37233442610676,35.914223322949056,25,1663,1782,342,1956,4.971148524168499,<1H OCEAN,261764.3647951848
-123.67655216702018,38.71889840359111,16,1140,1916,1889,1432,13.32519975451102,<1H OCEAN,500000.0
-116.82039687719225,34.8021537703279,51,2786,1529,1784,1900,10.305389158086923,NEAR BAY,406062.14521849476
-122.24254784532032,34.34288961936471,9,2653,1449,2669,1701,5.443287933285311,INLAND,213930.3353112965
-115.33353493401523,41.180629805615865,1,1879,136,4797,1807,8.381248486424793,NEAR OCEAN,398362.3098605251
-122.29039800956065,33.49797265655514,42,175,1598,2246,202,12.68777025926331,ISLAND,500000.0
-122.43549528453678,37.301063911785704,19,4426,899,3516,1864,13.308840321448223,NEAR OCEAN,500000.0
-123.98304133480512,34.618224687681916,33,5935,134,1956,1349,2.8257111875891057,INLAND,288014.5094100415
-119.6104478710956,32.90633095489453,34,5157,1838,1771,91,5.4238105475184595,<1H OCEAN,283119.03307290876
-118.67899502204332,32.87893708012232,16,2449,1592,3741,1262,5.360736113096789,NEAR BAY,261274.6830932049
-123.69028526013933,34.18883687551583,44,2873,833,1866,738,1.109649543101198,INLAND,86695.16876545578
-116.5637027283821,40.696309035901464,40,2362,1668,302,1216,9.1744475178525,INLAND,346128.0075267817
-119.7989800991298,35.19812498082382,18,3329,1590,4277,1696,12.894890768386725,ISLAND,500000.0
-119.0851216959511,41.48382079511354,34,492,663,3569,1315,6.0328286234700075,NEAR OCEAN,242944.5499614529
-119.92474202074018,38.01306577702832,25,1208,1379,1957,745,11.230521202270566,NEAR OCEAN,470527.5655402892
-120.32633886881172,36.64853952572409,45,4462,355,1960,1511,9.60165599721073,ISLAND,470562.08102861256
-118.73121107366549,37.99863593423957,6,5288,941,2571,288,5.946906664648512,NEAR BAY,340970.5075991439
-122.79138793085565,37.40213180497918,21,8902,1932,3899,1063,2.5453670926383074,<1H OCEAN,239054.96907115434
-122.52344156982747,39.68008454785643,6,5157,1783,1108,597,10.785195865251525,<1H OCEAN,500000.0
-115.69767236502429,35.19828798080454,32,4098,166,3588,1014,12.891194949647987,NEAR BAY,500000.0
-114.85100076017832,35.86220418495885,41,8964,141,2372,834,10.444890139821633,ISLAND,500000.0
-120.60197446455128,40.95342738683789,48,6666,100,236,1546,0.759238018504862,INLAND,183805.34256077334
-121.63172348163872,41.446155788745315,43,3777,704,998,166,3.635376968669373,NEAR OCEAN,178393.85665790338
-117.88424458588028,40.93897292064773,39,5896,1709,2340,1472,1.5074597808112127,INLAND,179555.19608341795
-120.2463089221751,36.48700562313832,31,6463,681,4409,1208,8.770598443855288,NEAR OCEAN,500000.0
-124.09512098917013,39.88323938329476,42,8223,394,4667,909,11.468926343185979,INLAND,500000.0
-122.78222792244344,37.02231925036334,10,8322,1613,4928,329,2.103398212495562,ISLAND,187710.13725857262
-117.16163882237213,37.22185000869482,30,7790,82,4680,537,12.655898398604085,ISLAND,500000.0
-117.73440362322208,34.46603982622904,18,1500,523,259,33,8.554880186734506,NEAR BAY,431285.3027243069
-124.07795623526502,38.10253615366264,24,4171,687,2143,151,10.504550676055011,INLAND,500000.0
-122.12139949419318,34.291538797859005,9,8908,468,3588,1897,14.58532680482537,INLAND,500000.0
-122.03000904225576,35.66002381822229,31,2886,1471,1613,774,1.713374329591611,NEAR BAY,138594.57804558813
-117.60419685426876,40.58583419724359,15,7269,887,75,458,13.567748333177944,NEAR BAY,500000.0
-124.15210620094618,34.48858336467415,4,970,1470,224,762,2.328489091817435,ISLAND,85186.5997933342
-123.30474983687488,33.209599463482,40,4296,1464,1384,759,6.197902696231893,ISLAND,371716.5538005963
-116.31884250285319,33.1893614464866,9,9704,1365,371,1717,12.845861096801158,INLAND,500000.0
-122.55741159297449,41.39278233793425,45,2839,1956,4200,814,13.64068643269909,ISLAND,500000.0
-117.79642907716718,37.31012132122086,9,1040,699,4097,282,7.8423892664046075,ISLAND,309591.00542505446
-121.95864487829087,36.39256759579814,26,440,1209,3277,662,9.114517254993665,INLAND,393332.0789527505
-123.35160841669617,40.17036744728451,4,7522,1640,1922,1986,10.768136351679079,NEAR BAY,500000.0
-121.90855120236547,40.40512198163796,17,4233,1692,2117,1268,12.575000692564355,INLAND,500000.0
-117.09844000416918,35.66591762161784,16,759,480,382,277,2.2619119582961593,<1H OCEAN,144667.66755720775
-115.75880746021289,39.06694592082842,15,9852,478,3041,1277,12.246004969323801,INLAND,500000.0
-116.0145925597474,39.796265697166255,35,3557,1232,960,1379,7.478504182418443,<1H OCEAN,311213.4682601343
-120.3622773626307,38.70026296340863,5,9948,483,4546,428,7.034039664068451,INLAND,500000.0
-117.64242522883072,33.96650965386893,5,3075,931,999,1871,6.646546403956474,<1H OCEAN,364747.31371061294
-122.29195767402516,40.78205981589551,20,9341,398,2125,994,7.883567986067618,<1H OCEAN,495441.69065345975
-121.40679678817942,37.61287974124584,15,553,1045,2564,1067,14.20323302422175,INLAND,500000.0
-115.35078838204797,35.19806553214173,18,9996,1661,3381,290,8.448954705486198,ISLAND,487058.4393370823
-124.2194606879522,36.5413972249687,47,8284,383,3079,1138,14.321074304815518,NEAR OCEAN,500000.0
-123.49149435022113,32.893543960653716,2,5542,91,150,161,3.1142068939267884,ISLAND,246258.52566834053
-122.26282199833388,33.74322659950295,29,918,1470,4696,1737,10.999971693073181,<1H OCEAN,490886.07514494774
-124.08361667310685,39.743794922354255,13,4968,657,2450,1761,12.277473309826835,INLAND,500000.0
-122.52838823169843,32.54010948304799,4,112,1213,3421,921,10.347368054355497,INLAND,488547.02294271544
-118.49626272786429,36.45988444601837,42,7827,1248,2393,993,9.300373063284836,INLAND,459112.9612121226
-120.11889751205132,37.456820804015386,45,1020,1868,402,1124,8.689785325749643,INLAND,268229.08387710317
-115.38757602078718,33.05410989220915,10,5020,356,3005,293,12.983491997391091,NEAR OCEAN,500000.0
-116.14286664014605,41.696665513569656,31,2518,1515,1068,295,12.413875658885251,NEAR BAY,500000.0
-120.91815378895332,34.667839367059415,41,9606,214,1229,1926,2.273186457118693,<1H OCEAN,226239.4941511692
-121.74538872834982,35.402509951777404,8,6575,1713,3586,484,12.804521026947732,NEAR OCEAN,500000.0
-120.53788822200063,35.40009904031981,3,2117,1031,3700,1251,6.503994981886416,ISLAND,263982.1304888767
-118.42343877715133,34.708220790524265,48,8057,672,2552,1339,4.178604034939257,NEAR BAY,395035.5946612533
-121.65864104613831,32.55386866583219,46,9520,1318,3869,1082,13.111644236201926,NEAR BAY,500000.0
-118.08354496519469,39.40313451236805,9,4892,26,1029,1991,6.764359594689253,INLAND,293220.3884198044
-120.23950701199995,41.63801615311128,30,6930,924,4884,307,12.221288007563842,NEAR OCEAN,500000.0
-118.80744630424611,34.650601677712274,11,2534,998,1026,1167,4.319352373359745,ISLAND,223317.67259814288
-119.97128964748141,38.77927407487021,35,2968,585,1421,895,0.5569751606221581,INLAND,30033.29998469825
-121.39356377419914,39.52124443668151,37,1538,635,2330,1326,7.684158297092694,INLAND,367645.77153159643
-114.82752879809995,40.52368281724184,42,3643,1897,4626,897,1.9533097213218218,<1H OCEAN,207854.34089767316
-116.683397826636,36.51694074389806,13,1881,1893,157,199,11.43845135511119,NEAR BAY,477389.29958294815
-122.94326371530481,35.39057982207644,36,6443,592,1022,1140,4.50308947300645,ISLAND,233788.06488968828
-115.63058152198495,35.601027211156726,13,2363,618,1676,1234,6.932861875750441,NEAR BAY,310887.21690770995
-119.45619076957487,39.24576674445701,12,311,789,753,1117,1.7619866938275366,NEAR OCEAN,91783.13081509332
-115.36869564198332,40.225894779818034,37,8799,1221,924,466,4.656559102485163,<1H OCEAN,254346.89255854685
-116.31945323028896,34.24898743658963,10,6259,261,3859,804,11.831608527249294,INLAND,500000.0
-120.08085641512889,36.03055488676457,9,7127,1246,2461,1540,2.6980247225836322,<1H OCEAN,231711.10647847436
-124.12440814446602,41.02725725140951,7,431,1586,2157,580,9.883813636340882,INLAND,406158.41802778945
-121.65247931177514,40.1309860203275,2,6960,1844,3603,503,13.802674865665267,<1H OCEAN,500000.0
-118.9119924848049,41.8075175699949,23,8144,1505,1323,868,10.357633016486945,INLAND,500000.0
-117.98987867294548,39.63747612360838,39,8269,1123,609,741,12.25981449473729,NEAR BAY,500000.0
-121.76080763825064,36.23996684167275,40,8842,1566,166,135,2.080088624906779,NEAR BAY,234597.53190881517
-122.95086501630884,38.097902017889545,39,5820,1460,3096,554,4.13561147702979,NEAR BAY,263945.41033378185
-115.96730042253503,38.76014413246729,21,9233,785,93,1141,13.47081335748857,NEAR BAY,500000.0
-114.46660210573634,33.27826923154414,23,827,403,558,1371,10.869031397462294,<1H OCEAN,478140.00519268715
-119.07207056968103,37.66371638516737,29,5075,410,3489,1952,9.773530482471012,INLAND,500000.0
-122.62633997008302,39.21470899592726,14,3343,915,3978,426,10.12461767376465,NEAR BAY,428180.83083437465
-121.61603444174553,34.114493470649975,26,748,1842,4994,1356,6.5059080374173295,<1H OCEAN,269355.5691240844
-124.16535760746343,39.88574446097449,51,5195,707,966,1745,1.1460711584559717,INLAND,94983.14973405693
-115.17043998213259,38.03330186463779,5,6714,1169,2995,713,11.87440236002557,<1H OCEAN,500000.0
-123.16777912778298,41.50040700341437,31,7235,1537,848,1191,10.34134192512263,NEAR BAY,500000.0
-118.5617745858369,32.93919382612685,25,1109,66,1810,1385,7.355664729634508,NEAR OCEAN,287458.4581082535
-121.59848558430045,35.036718954396946,31,1650,1761,2383,514,13.546514422839733,<1H OCEAN,500000.0
-118.78605285474143,38.20062200421135,50,9095,1519,3325,967,5.374315142283933,NEAR BAY,440136.3859094025
-117.80973930094729,35.33062877385781,20,7592,1992,868,42,4.7676652913529205,ISLAND,262178.0331374601
-116.01939229077969,39.26273138391039,44,3501,638,2218,1148,13.15554671365192,INLAND,500000.0
-122.27753043152354,39.68223970853137,17,7547,483,3785,1718,12.05632099400529,NEAR BAY,500000.0
-124.23960188026885,33.504675221865526,45,5524,1830,3115,1622,7.967207254400999,ISLAND,431892.1824647356
-122.97566827410917,37.37537050818568,2,4341,1892,3309,1845,2.3956537221388245,<1H OCEAN,179137.81391299271
-115.31381283584503,37.328660128111835,25,3261,142,956,1844,3.6185363362432605,<1H OCEAN,257110.74778105278
-115.57614362127235,36.014932047728244,13,4255,1517,4158,577,10.015305860927697,ISLAND,500000.0
-118.3519724542101,41.318822956780615,39,7578,153,652,1636,6.083097948685969,ISLAND,480639.1206646304
-118.32081072124612,40.326834470007014,28,8819,1662,4345,960,12.628861279156583,INLAND,500000.0
-117.6730317875556,39.10074028376968,42,9315,1860,2683,1702,14.27434763531696,<1H OCEAN,500000.0
-122.58927236262056,39.26181364226633,6,6717,860,1841,1265,12.181735416486315,ISLAND,500000.0
-115.1693040629134,36.88474891328145,3,5760,1605,3577,874,5.974408633435579,NEAR OCEAN,346968.1796806177
-120.14554393008359,41.20655844351878,35,8724,868,4593,1058,11.935953223855648,NEAR OCEAN,500000.0
-120.50328917637505,39.07614297045342,18,1276,626,1861,910,5.59590426532491,ISLAND,260505.16337871106
-119.14006623896032,39.399711790181236,11,8056,1823,3961,1676,2.9229512726016917,INLAND,217701.50183381425
-123.87846169357844,40.648511404638924,20,8692,42,890,97,0.9842014705549322,<1H OCEAN,226387.76284830886
-122.68051497768896,35.11901365571002,5,2333,585,3192,1365,6.092892335034791,NEAR OCEAN,278209.3687327053
-116.94014249107924,40.134537205385676,19,4800,1929,4735,826,13.601609903610587,ISLAND,500000.0
-123.51870137403172,34.37721407382059,22,6006,785,2140,1284,3.9653055224573093,ISLAND,249848.4555925251
-118.29435282095746,35.7896677706244,19,7960,984,4665,1061,3.494440891481868,NEAR BAY,266006.38269073394
-121.88669493879954,35.69809437467922,47,7626,254,1086,787,14.562401385995084,ISLAND,500000.0
-120.44147203501855,41.747924657541816,16,5659,1015,774,473,0.8625596363335857,INLAND,171545.90736836466
-121.45151488282217,40.600015275467996,24,6832,1102,1037,1486,11.893841180709437,NEAR OCEAN,500000.0
-120.77904592669191,39.13800839756435,41,2613,1207,852,947,5.15986435824262,NEAR BAY,324614.9335156526
-117.13077911195018,39.38160412680082,4,7930,1814,2632,296,1.0435753746100604,NEAR OCEAN,265960.48595190037
-121.36689797514332,37.829104995328194,15,7044,845,3887,1467,13.808136833038963,NEAR OCEAN,500000.0
-118.66329741141915,41.45212317749117,25,8010,235,576,1519,2.5248137880389625,INLAND,222341.20402815036
-119.57045396192103,37.20979486462302,44,5749,1226,1715,1070,8.500799614022583,ISLAND,460822.3607843933
-117.68674149975901,36.12067164987571,35,1196,1612,1188,533,4.473786007728442,INLAND,221410.0076595623
-114.94422941717943,34.07416252052627,14,9220,676,509,1908,1.4452956316780199,ISLAND,348828.8238968449
-116.99497614400909,39.93819518777656,49,2051,954,2602,483,1.223876042118997,NEAR BAY,97019.75568768522
-122.1919985989488,39.451117400831315,19,9846,1133,4470,826,2.1755721331269124,INLAND,278122.5056093492
-124.0369213239847,36.15678091251211,38,9286,330,4724,843,1.5348217013960106,INLAND,190211.10262635947
-121.71686899522976,32.777070025356345,36,7899,576,2858,382,11.528092675038883,<1H OCEAN,500000.0
-118.37541757576945,40.434964853826486,7,8904,991,2948,1426,7.540709933109723,INLAND,473024.78502022865
-123.83368483261812,32.64744322430283,30,695,276,3293,770,5.471935324560206,<1H OCEAN,335646.67258114356
-119.36648287809959,39.16181492630937,19,7975,552,4118,544,6.5663491969141035,ISLAND,411565.53155878396
-118.35769779687443,41.670119402522204,49,9133,1576,2381,1425,13.969727665803038,ISLAND,500000.0
-120.99419133619772,36.658393097874594,25,4539,71,4620,1227,13.705901284703135,ISLAND,500000.0
-116.61004147439195,34.75109974101191,16,6072,1381,3735,1237,10.877308961777365,<1H OCEAN,456254.0960757514
-123.27975353853692,39.17283620450822,47,958,1214,681,1505,13.327894472614473,ISLAND,500000.0
-123.59561667137247,40.229175816366656,40,5619,1991,4848,75,5.134896400020559,NEAR OCEAN,358994.7652120435
-117.03898488771583,37.68190927429254,51,7485,1110,2506,1273,6.0260852271201015,INLAND,343365.44908858906
-119.37526718528977,41.63980194016034,8,8736,1668,1031,508,9.398826636886307,<1H OCEAN,500000.0
-117.43843993986553,33.02620267080141,18,4417,319,4704,1071,9.54257623581033,ISLAND,500000.0
-119.98433352041839,37.29012658004561,28,3554,691,4367,1875,7.4846476511789435,NEAR OCEAN,439361.96782676026
-121.87612358627936,39.3006516443052,16,1130,797,1606,1626,6.309538802350322,INLAND,206165.92107904854
-116.12621273055103,40.657446833513774,19,9587,851,2255,741,14.799614518326079,INLAND,500000.0
-116.32386457515145,34.2267953080523,42,8006,251,4493,1227,12.406292578707003,ISLAND,500000.0
-117.37524743262155,40.068032763396246,17,1547,994,4005,1468,6.807212869376656,NEAR OCEAN,228335.5801232016
-121.61766282221117,37.740973582511515,45,2950,1880,971,1418,11.045740919973742,<1H OCEAN,500000.0
-118.42408410463436,36.27157014752555,13,8206,1111,454,1911,4.408644552160663,ISLAND,331473.4375230436
-120.72582207472213,33.77943841892927,7,7251,1549,4822,60,1.9524552304412832,INLAND,270099.6515640379
-123.43051598380059,40.68243309133287,27,9603,47,4734,1527,5.610249870514739,INLAND,427343.49789017835
-115.14017170235908,34.01994088897112,10,7052,1992,1670,1023,6.343105601789216,INLAND,465305.54496341746
-122.97634094557363,35.45510375515762,34,4155,1671,3002,279,0.7397883061297266,ISLAND,48096.032265808804
-114.80961696763914,35.269328455766534,36,5502,1094,3168,460,12.314484023720492,NEAR BAY,500000.0
-119.87210203950212,40.74000606173594,25,9381,1736,1644,945,5.708304334643132,NEAR BAY,340373.9094672069
-122.49126539446026,38.87013517550573,6,1772,1303,615,875,8.916063403812132,NEAR BAY,413059.450823789
-118.90931448832129,40.03677194757081,24,4632,610,4849,103,1.5724662154288616,NEAR OCEAN,171929.64451029053
-115.58562380780086,34.89690292763741,18,5024,804,2918,65,3.037454016883468,ISLAND,207724.0825392358
-116.99846214044801,38.42006527730186,23,6185,639,907,459,13.40055901724962,INLAND,500000.0
-116.25212607547104,37.92012970138268,6,7834,605,1334,1714,9.325969154300612,NEAR OCEAN,500000.0
-117.7358149982244,40.37693384557763,29,4964,1730,634,1899,14.27911872747204,NEAR BAY,500000.0
-117.39954329224076,41.06627923912866,25,9416,1021,4377,1562,14.981875498674096,<1H OCEAN,500000.0
-115.8240756582842,32.65439521960221,17,1321,203,1295,1005,5.891971672329868,NEAR OCEAN,358714.6657203592
-121.84333319105377,38.88252743834324,46,2960,1066,101,1888,4.832644429207482,NEAR OCEAN,296176.60129548656
-119.43617336502287,33.02777486971665,24,8528,1829,2213,1481,12.946162799806903,ISLAND,500000.0
-122.12905720413119,37.70476003837792,11,9436,148,587,155,14.979865692043086,NEAR OCEAN,500000.0
-114.43381319971367,35.24662398030101,26,3353,310,590,1226,9.629797896370631,ISLAND,496317.8697788687
-114.8716442295464,35.426767801503345,51,3882,1875,864,1752,12.029540476417074,<1H OCEAN,500000.0
-123.9541548138602,35.86133951748668,34,7057,520,1465,1215,11.83531495282148,INLAND,500000.0
-117.26602526794248,38.386361945556835,28,866,205,2888,928,5.652425769183431,INLAND,169080.32904408086
-115.06050689314672,35.68341017694312,3,2781,498,1702,880,8.826920513727764,NEAR BAY,374077.0836710022
-122.53702353492157,39.43469806605454,11,7810,1614,2715,807,12.579325648331096,NEAR BAY,500000.0
-118.6478298852516,36.346602698250116,38,7582,511,4564,609,10.477651205785305,<1H OCEAN,500000.0
-115.15849749221606,33.18320361491671,14,5186,532,4112,1971,0.8068753027395548,INLAND,112312.73796588866
-124.00918237499857,39.91518011777545,51,8064,1686,2406,975,5.382232199014235,NEAR BAY,356721.4977509003
-117.34790051684173,35.228985834417365,26,2765,1110,3860,709,2.5948976006217777,NEAR OCEAN,199869.70175971038
-121.36461596597958,36.61233633702906,48,3613,1848,913,558,3.8780970751315667,ISLAND,231913.00431598557
-115.06906219841963,38.990026941118096,21,595,486,235,1163,13.629597423624222,NEAR BAY,500000.0
-114.60057521853972,35.66841243876938,39,5922,304,4406,1324,1.0349526892061383,<1H OCEAN,241155.62106065184
-114.86956444930112,33.072471024340594,30,2172,620,1601,1351,3.6871103234478944,INLAND,295657.7091696282
-119.58888926475906,36.058597052390574,8,7895,1460,2257,727,4.988755607454356,<1H OCEAN,350460.0184183444
-115.6950917840673,41.427261163153396,51,8629,1143,811,1320,9.444819043512725,ISLAND,500000.0
-115.87072403870789,38.57872067857944,20,4049,208,4369,1573,8.24447450624505,ISLAND,403021.0297348456
-121.1462312486377,38.85861878895842,48,6133,1008,1329,314,3.6649075013740986,<1H OCEAN,319966.27081644954
-116.0276886395272,38.48977506573019,32,8428,909,4325,1826,2.8814954747357397,NEAR BAY,324804.3245740017
-123.97844334745645,34.4125160276083,22,2655,1901,4777,72,3.9335715016437227,NEAR BAY,177415.91282513647
-118.36345042004018,36.476521661202455,7,6470,407,3744,825,7.786679587174006,INLAND,415198.6562242267
-122.04071127363146,39.606343502598826,9,4515,260,3331,1475,4.432077892812449,INLAND,336885.4335768752
-123.13950846679612,33.493918965975226,45,6059,1825,1586,71,14.240236273311972,NEAR OCEAN,500000.0
-123.57738985564274,35.15459462300419,1,9207,1774,3214,747,7.22604571071829,NEAR OCEAN,467592.0611538154
-117.35926069018348,35.14016281066368,29,6093,436,2820,91,1.3525422398972373,INLAND,209713.73504752546
-120.93765536376861,36.6052981086643,8,5121,1961,2013,47,11.074362884631183,NEAR OCEAN,500000.0
-117.07334161385124,41.765269852265966,4,3007,195,3895,488,5.268256679030349,<1H OCEAN,347568.5261131238
-123.69382233837861,33.175198964294765,35,3014,406,3485,1955,9.97558951484459,NEAR BAY,500000.0
-121.18448500818067,37.420976357121404,3,3970,1514,4760,783,4.5541183725868635,NEAR OCEAN,217356.2648187761
-118.9335074245516,34.2278216577349,45,9290,872,611,905,8.775784255133138,NEAR OCEAN,500000.0
-116.41113942501681,41.674066292305696,40,5185,1276,2471,931,11.696211319708238,<1H OCEAN,500000.0
-121.14972487056201,33.60618597948544,7,6646,682,4767,566,13.956126755731033,ISLAND,500000.0
-118.06605058057242,36.33788543222258,27,495,471,2185,1444,4.286343594279617,INLAND,84325.79353305192
-115.45478340770867,39.483497707293644,1,1038,296,2111,220,5.355425789485227,<1H OCEAN,186432.8879722167
-118.16673359064966,39.169857167738265,27,9928,1272,2230,1804,7.231863094146125,ISLAND,499539.2886244003
-122.01108687347352,36.5178764731719,16,2610,1214,2010,1654,13.944035147171839,<1H OCEAN,500000.0
-124.10501615317236,35.80079242043508,38,4736,1778,3929,839,13.570109423754529,NEAR BAY,500000.0
-115.61420730603467,36.28153248218251,7,1749,232,3329,1509,1.8032350614592514,<1H OCEAN,205251.25021357747
-124.1364551150621,35.0268396363228,44,3790,1325,3934,1695,2.412982473430257,<1H OCEAN,137746.2458049322
-115.56799520625064,34.472182953230984,23,3535,60,3320,1638,7.684883071294255,NEAR BAY,345913.61386250274
-119.0394711743668,37.085403554029156,41,3301,1165,4737,579,2.0459794556786406,INLAND,146592.7706941371
-114.92176030693052,35.06690264459618,11,4279,1270,632,1833,5.510922663556113,ISLAND,222218.22743119698
-116.3302163128324,35.24501426668312,42,8505,313,1663,398,2.651587984153426,NEAR OCEAN,276009.75802609057
-114.33074153024529,38.72007455729558,33,3337,619,1151,1803,9.722585149412344,INLAND,445868.1634257116
-120.82885337286483,41.65393629129599,50,3962,1310,338,1938,14.267683760217846,<1H OCEAN,500000.0
-116.64742957913148,38.22022605726372,36,158,560,3909,1220,14.952639669268532,NEAR OCEAN,500000.0
-120.3146136273632,33.26437678508133,37,5038,1802,3110,1095,5.940996421205265,NEAR BAY,356263.53495033365
-119.53204877214876,33.25124180636677,41,3071,1871,2976,98,9.185683238161879,INLAND,428991.0480687729
-118.04984514928756,41.49289250815678,17,9819,470,4152,1428,12.915880976099178,ISLAND,500000.0
-115.57828177356916,35.33750633679201,35,8414,1492,1233,853,2.2032000555475677,INLAND,216766.6087616032
-114.46980196923909,33.406350339036095,48,9728,1799,4385,1619,10.498683960253492,INLAND,500000.0
-116.63653492480023,38.17700956508509,5,9454,1104,1496,1051,6.42823309501349,NEAR OCEAN,447047.6247441518
-120.15562150703997,38.40853500371141,48,3445,1545,1799,1257,3.4891193240623792,NEAR BAY,204710.5124128505
-120.11957569713822,38.642430357316854,32,2586,1190,1953,44,6.339927471837909,NEAR BAY,296765.80038197536
-116.94467369204753,35.05625308213946,3,661,1729,3225,469,1.6014241609912945,INLAND,46213.50706213644
-121.95267745648624,32.68219153845821,47,4081,1988,1127,787,10.583403654544933,NEAR BAY,453676.0157194948
-123.2408399041608,41.620794626566585,35,6361,809,2427,774,4.16476869685257,NEAR OCEAN,283556.23503989016
-120.7895935372866,34.90090355995328,14,1837,353,897,1500,5.015381853150731,NEAR OCEAN,267072.7571934282
-121.46612052379302,38.901407370574475,48,9196,1924,2926,1504,2.25567882450121,ISLAND,187276.90497807655
-121.37506647062186,39.189387075558656,31,3654,1996,1289,217,13.03755715140343,NEAR BAY,500000.0
-122.0045781794589,38.28016979471796,31,9226,910,1382,1137,7.654942049599709,ISLAND,500000.0
-123.92738437605092,35.48445857955043,17,7195,1185,3556,1762,8.796129727902803,<1H OCEAN,486096.3507289561
-124.17054569527652,35.09101574791986,24,8366,63,2429,1990,8.756773904875391,NEAR OCEAN,500000.0
-114.43326720705025,38.16405854023244,23,394,163,4841,456,6.452150160849455,INLAND,357902.44711751986
-120.05515773729194,40.68995991228602,18,8312,1908,4172,1570,3.2916837738530225,NEAR OCEAN,313879.11460021086
-120.4913604625168,41.448764389169156,50,9330,352,3287,709,11.304424853226799,<1H OCEAN,500000.0
-117.52634128176157,33.53657361943936,14,5430,1017,2415,1421,2.3423158476862778,INLAND,156785.30020463205
-122.15873096583475,33.99693724454454,50,4755,1540,2462,606,2.006169959042752,NEAR BAY,190987.96767386954
-114.81238971313974,41.42996819514878,15,1209,1439,3224,123,10.7971030451493,NEAR BAY,455324.2675715625
-116.45509605526786,39.4707964986304,15,3871,74,422,1849,3.5281367965537656,NEAR OCEAN,264791.1465784092
-123.45231353678491,40.84897189164817,6,8663,1350,1999,1723,4.948204894616069,INLAND,435054.33401856513
-120.15748901111931,34.44677308721358,27,6223,889,294,646,7.390798271525234,INLAND,421607.52636338456
-115.52365219207587,38.069183047139475,15,7747,1466,1890,1082,7.01559409257842,ISLAND,454668.5613123373
-114.86489049619425,39.13772358346843,50,1274,1460,3477,477,10.774397313442488,<1H OCEAN,361962.17497549567
-119.6572888270513,38.93985284205601,36,1264,1716,174,383,9.539761004928733,NEAR BAY,295087.8487102487
-118.19134965232449,36.38070741105563,8,9384,816,4682,1828,9.843744353087052,NEAR OCEAN,500000.0
-122.67297918123556,32.684865930815214,15,9575,344,2803,154,10.85378779450413,INLAND,500000.0
-114.39866699358475,38.025334194528114,3,9137,1753,1969,393,4.742884547640247,NEAR BAY,388822.1952733597
-122.02401611811023,34.92168548368012,47,8812,1714,1685,1275,5.1738330211068675,NEAR OCEAN,374510.5621148563
-114.88497298768334,36.7768924562046,13,4566,99,1475,58,6.850967344485535,NEAR BAY,426926.3267603298
-117.82754764411662,41.550837351938725,41,5638,1074,1590,1846,4.958201508986128,NEAR OCEAN,309329.2971441511
-118.24832257941625,36.294922339015315,34,7211,1004,580,838,14.78159910007752,NEAR BAY,500000.0
-119.20260734939426,40.442533118712255,24,8534,1155,4399,66,12.30375293311073,ISLAND,500000.0
-122.0340750903537,34.314167100100455,40,2900,577,3153,55,2.887492979712429,<1H OCEAN,230817.16428519238
-122.5776585586647,38.867853286415524,32,4707,884,4806,1875,0.5811152602871079,NEAR BAY,42472.788936286626
-122.13631846093544,41.733635441270465,32,7362,736,1851,114,1.120357389585384,<1H OCEAN,76952.41292905498
-122.47815984807168,33.498814079214334,30,1641,1607,1086,1004,4.038920040122417,NEAR BAY,192966.1935914651
-116.5229718853898,32.61829065635788,49,2865,1693,3778,1404,2.1572236446344197,INLAND,73559.12727256704
-120.83474239796602,36.6200140786729,13,4591,491,4061,1568,8.233402665942297,ISLAND,418159.7817574906
-123.76925952730349,33.41160579551337,1,3183,93,3513,1189,12.9409307295467,ISLAND,500000.0
-114.62020959338625,39.582296730453336,34,5456,1596,1192,1960,11.182878203241797,<1H OCEAN,500000.0
-115.47678971496721,41.14590292681494,15,1957,1522,1805,387,3.626331414691761,INLAND,130974.5582038473
-115.03536707672006,36.62413735318942,44,869,608,4890,84,6.289839212373895,NEAR OCEAN,290206.2669174209
-114.3611254606298,34.9744765526827,14,1522,1430,1679,1271,7.864466038203526,ISLAND,388216.1083782631
-122.60409169783634,36.6277352318522,29,8698,1742,812,773,12.247984817798365,INLAND,500000.0
-120.3717301302173,39.34764396596851,34,3072,1925,4939,1563,12.66726324503939,INLAND,500000.0
-116.73728570393092,32.62519966047129,18,1972,583,4889,835,13.69091552266275,<1H OCEAN,500000.0
-117.36195299473992,38.086762041051,7,5699,1973,4007,1896,7.88405613229169,INLAND,410209.4748180899
-122.80488510034785,38.31107475479024,29,2369,1476,607,1598,10.566983823320014,INLAND,402955.8315197758
-116.1590354250942,38.54064640329075,31,5375,1455,4671,775,2.1211053828920887,NEAR OCEAN,309282.84186807496
-122.09661665875993,34.81742777262006,25,4849,486,889,200,8.69668991933274,<1H OCEAN,500000.0
-122.10287114718086,39.25923612698817,38,6671,618,52,1544,4.106031237331459,<1H OCEAN,380667.21337127703
-118.95877679415013,33.39999388638201,14,9473,1664,1101,616,6.759894832885861,INLAND,500000.0
-118.3968830541893,34.415133866152594,8,5172,1011,1454,1198,9.693732370447432,NEAR OCEAN,458031.3327862781
-118.52593447330838,40.79699313901868,27,9731,1952,206,806,4.226296098879826,NEAR BAY,286945.77738390054
-123.43147215252654,39.49138484833699,2,5563,756,1987,1578,1.2566833380530356,ISLAND,140323.67807141237
-115.54029293919098,32.66934566324676,17,7550,1013,560,646,0.648390917926984,<1H OCEAN,200700.98041856612
-121.68337557240939,34.87722061007982,37,8520,267,3454,1861,0.8213132653955624,NEAR OCEAN,188739.89282382454
-123.04967019032064,34.55756500496568,14,4059,1624,4832,1478,0.62107119394966,NEAR OCEAN,15000.0
-115.42696927811546,35.088287546827914,25,1413,1163,1187,1854,2.100148320089194,INLAND,149619.68061949604
-114.75525895777328,34.86953743833373,30,7947,86,3964,1142,3.9725863612668832,ISLAND,237932.9589895006
-115.69423872265487,33.128372442940176,29,1170,592,3371,635,3.707711955643338,<1H OCEAN,150591.4805596142
-116.22245860976223,36.85863026117608,20,9266,1999,4716,1415,14.808550615608503,NEAR BAY,500000.0
-117.77137051438422,39.43502199773781,21,3385,1370,764,1606,4.937088525529677,INLAND,267636.87792060495
-118.81939199908425,38.24934552959108,22,9049,1963,2336,1405,2.347601358711287,<1H OCEAN,328717.006126834
-123.47665293048944,38.87172240150793,35,3195,722,2704,131,8.410656890432492,<1H OCEAN,417667.2727883587
-120.24912974077019,33.30361377002601,37,420,489,1040,472,12.940383103263871,NEAR OCEAN,475570.20474024425
-120.60820728919637,41.49352758276357,16,2421,512,4479,775,10.33187546342129,ISLAND,498160.85506621137
-121.74207201104632,40.43020815646287,50,655,1744,2210,1212,4.793190292464029,NEAR BAY,201666.33473810818
-117.08686205856661,40.11589989704419,49,5039,682,4507,603,8.643434316976096,ISLAND,372225.8492374762
-119.37140761980913,40.28427760544304,43,5532,305,2194,158,10.865411625905933,NEAR OCEAN,462573.3289656739
-123.53629599228721,41.31680588152929,17,1486,1999,2113,1891,11.057515139332263,NEAR BAY,491184.06829970714
-122.13936065242389,37.6614298211299,16,4863,1957,2653,250,10.164807601816488,NEAR BAY,500000.0
-117.49008201285766,34.42465378813436,2,6954,1651,2027,1282,13.12675115924646,INLAND,500000.0
-123.58564617071738,38.343933749892415,4,7737,331,425,1003,13.116529145989514,NEAR BAY,500000.0
-115.80388258295037,39.530514855415305,21,4941,328,791,272,8.894580111401547,<1H OCEAN,474493.02229817555
-119.37872886877969,39.48380267146138,39,3967,794,4535,1479,6.732917352112578,ISLAND,282960.3117769747
-119.52491076364045,37.44683531741034,34,3893,1140,2717,1962,9.802769285693948,ISLAND,500000.0
-118.40222584201844,33.184196548928966,30,7473,984,1290,580,12.364074019871715,INLAND,500000.0
-116.0702031021115,36.0321727506275,6,2613,1156,3520,1465,0.5819555201971784,NEAR BAY,50591.1042102404
-120.85799555266198,41.2044137856402,17,3903,1680,4969,1346,14.88395663071534,NEAR OCEAN,500000.0
-117.542717828307,38.03966424081738,39,2427,475,2417,91,3.151959698773389,<1H OCEAN,221356.43035006407
-118.67005108148226,37.60570358603626,25,8909,1506,2293,1306,7.318610292069655,INLAND,500000.0
-121.669036167499,35.069911570336444,5,2265,1991,3599,1877,13.144431155221568,NEAR BAY,500000.0
-115.52855493699421,36.00710433641501,5,3408,151,467,241,3.763085786140891,NEAR OCEAN,262012.30299414907
-116.34384274306645,40.965206698931325,20,6552,949,656,1120,7.413530746555557,NEAR BAY,362285.88582792657
-117.7391435800294,38.81141727722753,16,8167,984,617,81,2.422441612627098,INLAND,308201.36047710764
-115.81015943989381,39.94931192173945,51,7742,948,593,1514,6.228606718128793,NEAR OCEAN,491902.30433499627
-115.64236622236359,36.81539043106663,41,6504,140,933,1200,3.0684640944985366,NEAR OCEAN,325436.3838398897
-117.23803571378104,38.47062633508245,37,1092,1240,4848,825,5.772602357181777,NEAR OCEAN,259385.30600433194
-115.94638618322874,34.877289758273584,40,5524,1849,1273,144,5.915231143494469,NEAR OCEAN,295448.5735893141
-117.34738652484039,39.178386412967605,9,9669,1525,2943,760,14.900976449175824,NEAR BAY,500000.0
-117.52138665152658,36.563728550148404,5,4481,653,2118,1895,14.924788924904698,NEAR OCEAN,500000.0
-118.13914176271955,36.70435329440676,42,3274,1837,3759,180,2.16440104057888,NEAR BAY,129721.46966180831
-116.79272493884129,38.65012307426846,2,4882,916,1836,560,11.026547300261035,NEAR OCEAN,500000.0
-122.75760474285754,41.3504006480226,9,9597,791,1507,645,1.2503094552019667,NEAR OCEAN,238625.05616872438
-115.50605757764276,33.14229972158712,43,5660,1082,1964,1634,0.9377842223892351,INLAND,186103.56180721644
-115.59669098143787,40.300833863435344,36,7560,585,127,1578,2.0273414665519827,NEAR BAY,268010.89439997595
-124.05635727833302,35.291325068978736,22,3178,531,3663,125,14.499542026615043,NEAR BAY,500000.0
-116.05879982432978,36.717282066905014,22,3083,1517,1358,1174,14.142521444473113,ISLAND,500000.0
-123.05614653056661,32.74620442377283,22,7359,1204,697,1400,3.3119533940698664,INLAND,345727.3982330617
-120.98540670323821,35.372843592420885,34,6154,308,2237,1728,2.844248865528817,NEAR BAY,210269.9269053117
-116.88517710683226,37.26975999314953,29,2623,219,602,795,3.9877587544812316,INLAND,212764.98227664558
-122.73597064367497,33.0686168878394,38,9777,1831,331,1897,7.975431414089561,INLAND,463139.49557195156
-116.13761107784461,37.161210813495586,46,4681,547,1331,1928,8.760717164513443,INLAND,468041.8931656328
-115.99537285330427,41.2641110175578,33,5709,936,1896,1840,3.7131047413719864,<1H OCEAN,272629.5797197652
-119.2550239530412,33.53175018239445,18,2101,1728,2537,21,11.471030427304205,NEAR BAY,500000.0
-124.28588584796299,39.7333872511905,7,1487,1546,2843,252,4.988520956338436,INLAND,179837.8781273786
-121.46813714292387,36.39500461226809,1,6652,1291,3761,388,13.87090422017645,<1H OCEAN,500000.0
-118.15605373950754,38.705184653674024,33,1130,1426,4249,1294,10.022479243622593,<1H OCEAN,428600.3132946727
-114.49889077260467,34.98882638704101,1,1320,1261,4911,965,6.82709231740237,NEAR OCEAN,350958.58414233435
-118.00659218875265,34.040822190514184,24,6135,1130,2826,1876,11.953724024691258,NEAR OCEAN,500000.0
-121.74157204611583,34.049953200292244,4,9910,1125,1646,1151,12.359762077676638,NEAR BAY,500000.0
-117.9845827408799,33.20332920850199,4,9555,1105,529,1319,4.711983281329683,NEAR OCEAN,401830.9032810527
-118.9285467876528,34.286935493120694,18,6623,818,3362,199,5.425860885623223,NEAR BAY,425726.97868947085
-116.52035223268251,38.790304412746195,27,8174,1543,3268,1768,14.07134972906475,<1H OCEAN,500000.0
-123.27591438617733,40.83670865744742,43,9163,1085,2013,312,2.888745056267443,<1H OCEAN,271065.98555496294
-116.70927985887964,40.200922701412836,32,934,31,2192,603,1.111181045962546,NEAR BAY,38437.918839585596
-118.91568355009186,38.9871138559189,33,9210,852,3948,814,7.0838021778384626,NEAR OCEAN,412136.08591324434
-114.6815602812557,33.57916383469848,28,1824,1789,2122,194,12.11754355353262,NEAR OCEAN,496028.1505820255
-120.91760345297159,35.26125386964489,42,6698,860,1345,142,11.689187541505813,NEAR BAY,484497.88046813913
-117.99847619293516,35.45528269678444,41,2513,662,988,246,13.833194119236072,ISLAND,500000.0
-114.99243782067943,34.892094865601614,36,9605,1158,811,1945,8.231409633351085,NEAR OCEAN,500000.0
-123.32080233097358,37.386203257868495,6,6093,1261,4799,463,1.950937737714733,INLAND,192518.24449913632
-114.94022598814604,37.57956139801772,16,4598,1692,1719,1856,9.035990127872234,NEAR OCEAN,475304.67487966403
-117.44362734809984,35.89829702636015,34,2205,125,3912,447,11.786736408121568,ISLAND,500000.0
-123.66891592658406,35.86915598370987,23,2668,710,2735,1126,1.8532577439124829,<1H OCEAN,61837.34368672728
-121.32832578785396,40.33670817629623,50,9430,547,3949,784,3.0035323159150513,<1H OCEAN,360054.2692091075
-117.23995223000138,39.967245702688246,42,309,1515,1981,1701,0.678214586757228,<1H OCEAN,92081.10791214785
-123.67379996125352,35.43635877611582,24,9356,1797,3989,651,9.107962401978751,NEAR OCEAN,499389.31353141036
-118.50500857983022,41.138749256847376,49,5011,865,1176,84,13.357648683215615,<1H OCEAN,500000.0
-120.87733410819231,41.50598930999358,13,2320,912,3347,1324,10.224618082030442,ISLAND,442246.6593882855
-118.11600820161453,35.614647320502684,18,333,406,4720,1838,14.73958127006924,ISLAND,500000.0
-123.89074998052237,35.87513876814265,13,892,1269,1253,1434,1.4139879612465427,NEAR OCEAN,70255.74066559458
-115.59977046623014,37.29801738370063,49,3210,500,4185,447,13.593515734696695,INLAND,500000.0
-114.57617074945894,41.39594684594187,37,2266,1797,3822,637,12.30399016710687,NEAR OCEAN,500000.0
-114.62246633293167,40.78616586586915,43,8626,427,569,944,5.056502047242821,<1H OCEAN,310509.2998494879
-116.82349560930103,33.50516452791158,39,9651,1500,2333,831,14.616135001640151,NEAR OCEAN,500000.0
-123.04393414908846,36.23559629418403,42,5293,1696,4608,126,4.675097348485518,ISLAND,297296.4355183552
-116.73703751287262,37.747222895545356,17,1314,917,532,1591,13.394918495509168,NEAR OCEAN,500000.0
-124.10314735875363,37.27447656670999,15,4519,730,2527,678,13.270854367575746,NEAR OCEAN,500000.0
-124.12787954264886,34.36425146928616,18,7414,1667,3143,1305,11.486035440743102,INLAND,500000.0
-121.1009533997386,40.621465816692336,23,8575,658,392,1964,8.670321870286353,ISLAND,500000.0
-119.44402236833716,38.91001276800024,51,312,1064,1512,1202,2.240039869444877,NEAR BAY,136571.7939433268
-116.61510952520976,40.42471780735548,30,1758,1702,1252,284,8.213590150199224,NEAR BAY,347660.88943686784
-117.48971441887069,40.62097186867854,34,5124,1644,1671,1511,5.673545706996551,ISLAND,391510.04076038045
-119.87313682797745,39.58202858299461,4,9709,834,2448,1245,11.9871469807526,NEAR BAY,500000.0
-121.60278827053207,36.67297175775984,3,6017,937,3646,1976,11.49287349420425,<1H OCEAN,500000.0
-114.33887001841659,38.285244964695146,7,5241,222,3585,174,13.703881356902777,NEAR BAY,500000.0
-120.07113972555084,34.04903847158678,18,1894,436,2927,1056,0.7150373552597642,<1H OCEAN,128478.28949212862
-119.81807427573005,38.87900337843888,42,6088,435,2440,1340,12.231996643934169,ISLAND,500000.0
-122.70721683523564,34.22677313650663,7,8396,1491,3401,915,14.107699770307697,NEAR BAY,500000.0
-116.37011213055071,39.07006564670058,40,5678,1555,2963,1877,11.944856512068176,NEAR BAY,500000.0
-117.38543045315386,34.70051869269484,6,5651,104,1239,1541,2.387819668120317,<1H OCEAN,232301.3084174919
-122.13347308760085,33.64615773441357,22,3945,186,2390,1640,1.6785470201928723,<1H OCEAN,158647.90589035163
-123.52289430201694,34.09532705224523,1,7006,403,3630,1012,0.8022559772116618,NEAR OCEAN,134951.59884820844
-117.51778700716989,32.55874599241145,4,478,487,1653,1835,9.61680577450703,INLAND,379904.0593637084
-117.77870740861741,39.30333980400172,46,3393,1115,3347,264,9.630253451968366,NEAR BAY,470663.4690774257
-121.60647434893798,39.431893871639346,49,3429,829,647,1343,14.810248856164078,INLAND,500000.0
-114.80332983500588,37.385522822683775,50,4908,1016,694,1405,6.271626024509388,INLAND,349991.55071076396
-122.83337876651976,34.05842395793116,43,8037,1564,4593,1397,5.312641131013702,NEAR BAY,408077.8814722408
-120.00935859753227,33.32624631597559,29,324,1836,2952,1871,9.55416144417369,<1H OCEAN,402793.3595399911
-114.87609616151731,32.72000357417487,21,837,492,813,1564,12.471325751360112,NEAR OCEAN,472719.09458301374
-120.13593773806173,34.09969034524273,26,335,1012,4880,405,14.083222268083526,ISLAND,500000.0
-117.93919948545258,40.92295058419141,14,811,1301,1692,778,12.145300409596059,NEAR BAY,500000.0
-120.35815224445355,34.81286168041282,9,6088,294,2347,1355,6.686772718929169,NEAR BAY,342348.56858683407
-121.59687936841935,35.873693189114,47,1988,1793,4746,433,9.70625641202493,ISLAND,487293.64846726716
-114.47086441448333,33.53130100896934,12,7273,1063,2222,1321,12.916340237383697,INLAND,500000.0
-120.24028657659697,34.632419877680285,42,1359,1533,2210,1793,7.613840480520222,NEAR OCEAN,388242.3245227706
-115.37324399506149,37.42590321104173,51,5346,1788,3799,734,3.641956333728194,INLAND,279653.45191362867
-122.04125575685349,38.258952747930095,51,7371,509,2972,778,2.960989876344158,ISLAND,248457.44673453804
-122.21042877158816,34.84876527630404,6,848,1776,629,766,0.5022872963818226,ISLAND,15000.0
-124.0374138078395,33.083259618308354,20,3651,345,3854,612,10.914450927228621,NEAR OCEAN,500000.0
-117.80726507322612,36.21961929848882,24,6500,548,4928,1399,2.110909528266862,ISLAND,223514.537962439
-120.64999550901344,34.7438537204168,27,6743,911,2418,1568,4.035666945591136,ISLAND,316982.31676857464
-115.67184317161005,34.606002417592435,38,8801,108,3982,858,4.819206807080504,NEAR OCEAN,395758.34679183085
-119.59897253681676,41.572308973533616,8,1923,505,4677,35,8.62550797198314,NEAR BAY,317773.96577561076
-114.62933798373619,38.339387572561066,1,6952,727,3410,1012,6.270380520788654,INLAND,409518.811177123
-122.48732382234066,37.780226150249426,49,7877,369,4757,1088,10.282772884335847,NEAR BAY,500000.0
-115.62902339372567,36.45244372415446,49,4332,1127,1150,1364,1.3067605602661894,NEAR BAY,175447.55680234096
-116.55296759797092,36.57636617757766,24,6619,406,1720,670,2.297118316834372,INLAND,161611.90148125193
-116.60994467977372,37.62991608611634,47,1877,106,2270,1369,7.738566801232367,NEAR BAY,404797.6094014574
-115.86837638970644,39.09340448420977,7,1322,326,266,167,5.385989423779033,NEAR OCEAN,263314.55140183395
-116.70931913093229,39.14719476507102,19,7730,1893,425,374,4.789293759894716,INLAND,373949.1490335023
-118.0627479708206,34.15563967150828,22,1877,1197,1659,1279,1.4719071460440796,<1H OCEAN,51631.28283601058
-123.03230142806882,37.24606099704106,35,9596,459,4156,722,13.487928033846021,NEAR BAY,500000.0
-124.02343715790782,36.4165256742709,30,7590,759,3889,632,10.531369498813236,ISLAND,486859.07756102737
-115.1046876079305,40.73165875259491,29,4959,283,2989,124,2.2634632738849163,INLAND,147308.6873851702
-118.15883084221178,38.48165204866493,22,8993,996,4112,1517,1.443166387188539,<1H OCEAN,300915.86961417715
-116.35276559859919,37.55086326497439,11,8218,754,1663,1805,14.635651734753024,ISLAND,500000.0
-119.51551559081399,33.62586358290361,20,3089,440,3729,415,10.377001981372821,<1H OCEAN,491435.48367971764
-123.17222578281755,38.2390525385333,29,8443,512,4963,1489,6.553113030859252,NEAR BAY,478170.2150956663
-123.09313464628639,33.64288875245099,51,1425,652,1346,625,10.67510009095888,ISLAND,500000.0
-117.46692451622113,35.71311387607373,41,9593,1012,4046,1263,11.466810903962307,NEAR BAY,500000.0
-120.0297288152094,33.884142888902865,42,5227,430,4836,1853,11.8094519346373,ISLAND,500000.0
-122.33673174392861,39.052413018499315,34,9098,192,1205,870,7.429220931969335,INLAND,435226.5102554889
-119.41439075071597,34.4808323911982,1,2822,23,4929,461,6.733299992810296,NEAR OCEAN,292601.35349934996
-123.70534227176564,36.22739670169933,31,4756,873,2416,1688,0.6599072218990549,NEAR OCEAN,192045.67492736987
-118.50700712477943,40.968299657392706,30,1425,1683,2941,892,13.935078169556652,<1H OCEAN,500000.0
-121.64930621947161,34.46261716778431,48,4233,1005,2022,686,9.247964236639675,ISLAND,479119.7396728847
-116.34250662960264,37.318445651852116,18,9451,1515,834,1071,3.4457320892545376,NEAR BAY,351467.23981898103
-121.23396593240732,36.485346331572266,17,2969,1153,4542,813,13.83424958161083,INLAND,500000.0
-119.77958970321872,32.710547226240315,38,1342,1910,1131,494,13.766512575669298,INLAND,500000.0
-124.23332977932266,39.99985384872017,14,8639,1080,2083,647,14.84317038330839,INLAND,500000.0
-123.62263324654262,33.18972197842038,23,1931,602,1664,1348,13.173820165515194,NEAR OCEAN,500000.0
-120.40936469367688,37.002739747393136,25,1669,1844,4605,1789,14.967873623390938,NEAR BAY,500000.0
-119.53141409944008,37.81598275537552,15,7346,1074,2466,1448,4.0479497277874525,INLAND,365471.4517780003
-118.32579369688219,38.45349295674327,46,2018,1994,4691,1556,12.712618985388895,INLAND,500000.0
-121.42170770975859,39.02002363178711,22,6516,400,3703,521,12.433910477538586,<1H OCEAN,500000.0
-117.37238186328952,34.92329312894875,3,3332,1311,546,367,3.8486352087006392,ISLAND,234518.54961326823
-115.71437113222039,32.63390028835601,19,3858,1054,554,1283,1.9273444605143664,ISLAND,195516.9501193592
-116.52029607151077,39.347604862759724,44,6097,363,3436,1037,14.701597448325195,ISLAND,500000.0
-123.95222699350249,37.58052859986071,34,2455,1883,2258,589,4.79235599704885,<1H OCEAN,132795.51854287455
-119.5257102495314,40.40786758718021,35,9689,1587,4863,1890,13.127930961783187,NEAR OCEAN,500000.0
-123.29650100868152,40.26926449489554,50,1924,1612,3266,714,0.5598437427817564,<1H OCEAN,15000.0
-121.91986804074023,40.47569923888398,1,7380,185,3716,1380,0.804859704684232,INLAND,97621.64098753771
-114.44390756359785,37.10474075040747,21,4160,719,1458,45,7.2551339760973415,NEAR BAY,426663.65399539087
-122.9193447492688,35.679443204824906,29,5424,361,4414,1452,3.9613629170584215,INLAND,392986.04798376857
-119.34116293934838,39.988562686384796,6,504,1525,4127,1120,10.502698609821483,INLAND,498402.21708021563
-118.14371642744608,36.78667760360529,37,1821,1062,1527,1972,8.700682720735339,NEAR BAY,253917.65868827948
-117.2972516957372,34.26619106815632,1,5416,1671,2447,236,1.623544063032126,ISLAND,164611.12799385973
-118.73112721779138,40.585305524073476,51,3945,999,159,1371,2.8581102965778973,<1H OCEAN,163739.99151865183
-124.25190069191139,40.84488844042779,1,4310,1227,3604,856,6.126714415847007,NEAR OCEAN,257722.46011472307
-121.07232846523031,36.927974805279,27,164,1825,699,793,3.191258927353781,INLAND,154173.29424861044
-119.1521751004175,33.2523344339851,21,9591,564,1549,1066,11.987224035036965,INLAND,500000.0
-123.46782034858587,36.18944350611832,16,6482,1053,645,1799,6.533018415522561,NEAR OCEAN,332756.2571419721
-120.82970561065983,40.101289375543104,44,9707,1635,1028,689,1.8547620692162394,<1H OCEAN,165513.22057917307
-124.01664078773467,41.02569360862002,40,1068,211,780,737,7.52297208294581,INLAND,291833.07684258476
-123.56107188856359,34.454678506902376,26,468,339,106,329,1.8171536253905054,NEAR OCEAN,82441.49725431764
-120.36489030693598,33.170221689157806,16,8524,1745,2293,618,2.369590928587349,INLAND,259342.79779562016
-123.01753382940767,40.79586776398001,28,2342,599,1751,286,3.974342564408977,ISLAND,258952.8193367697
-118.65188988345396,36.204300475791214,1,5102,494,1336,1458,12.963151726088602,ISLAND,500000.0
-117.42777170986186,37.63797067375777,36,3183,1903,161,665,13.906881718828092,INLAND,500000.0
-116.3121095409448,41.649499291397646,10,8173,656,4856,1310,12.480737075315002,INLAND,500000.0
-122.34049154778211,33.166374089672836,43,9212,446,1251,1376,5.344119652558785,ISLAND,309458.4582054135
-122.66847487411894,38.64067245012422,17,8980,1891,997,1042,4.450473396078059,INLAND,303055.1428351289
-123.30013888304262,33.2373320264295,23,1569,1102,4171,1823,8.462757516458467,<1H OCEAN,437806.3412126541
-117.9602402945819,36.073162616869766,7,4825,1479,807,469,10.966870827730128,<1H OCEAN,500000.0
-117.25698370607151,40.10389487027034,44,4359,116,3438,584,14.903905428322535,NEAR BAY,500000.0
-124.03287510595055,36.61897371023052,7,3722,515,1891,1654,2.4077753222444302,<1H OCEAN,146047.5483373966
-114.95042904771336,41.92348595022676,44,923,1830,3585,1290,1.2147339858451642,INLAND,129100.34886294472
-123.82820831213921,37.800747871347525,15,3531,680,2343,1079,10.56816039043143,INLAND,442790.5966355696
-118.91538479357725,35.56213585630432,34,6628,1321,1154,1444,12.56727386080663,NEAR OCEAN,500000.0
-117.2310323847128,34.61124757676373,46,4251,1308,711,47,12.772057308063136,<1H OCEAN,500000.0
-115.6054699975893,35.83839822763278,45,4313,28,958,239,10.33772146161883,ISLAND,390611.90958932525
-117.18056720139043,36.04553810607737,4,7520,476,4667,425,14.333229159728212,ISLAND,500000.0
-116.3006500459793,33.18659570738247,14,9089,1838,1906,1657,7.90956907139651,NEAR BAY,486351.3281757453
-120.94192006687022,36.017693216605934,14,879,292,2361,1818,13.75031457587508,NEAR OCEAN,500000.0
-116.16915585798502,36.90848447074611,16,2992,959,839,290,14.533275986377085,ISLAND,500000.0
-123.54564694229785,39.34096224856715,7,5634,1856,221,1779,12.783783126545062,NEAR BAY,500000.0
-115.3660407731523,38.71982445123033,32,3406,1051,4410,1694,4.991499167249999,<1H OCEAN,335942.97870266903
-118.85217254341649,39.20948481570635,19,3002,227,2036,811,3.3451269419692813,NEAR OCEAN,279575.15685548086
-116.14433038957657,32.618702246461226,2,3818,1957,1935,1554,8.447740942236367,NEAR OCEAN,409317.4230331365
-119.80872442343626,34.58825023005284,10,121,1680,525,982,7.068713880512733,INLAND,260739.25580345446
-117.88847994022689,38.76644915384265,50,1600,1166,1099,1329,13.227495961794627,<1H OCEAN,500000.0
-119.06491728420143,37.094339954571424,17,9134,1076,4179,1497,1.950459230473729,NEAR OCEAN,264958.687316731
-117.00484120157647,32.58999980603913,37,3741,1556,2361,1805,4.23723088901702,NEAR BAY,191284.75109728315
-123.53043498041288,40.11029458528345,12,5312,223,1211,853,11.401084695521273,ISLAND,500000.0
-123.74406507673473,39.812138084662074,6,291,537,865,336,1.8773063521710258,<1H OCEAN,64690.868659198364
-121.86908353053812,37.700624323769425,22,8687,1852,3816,1633,5.1510840033146525,<1H OCEAN,378682.33471385564
-122.74817141166359,33.16541989555472,32,7274,1994,2972,1340,6.113753213782756,NEAR OCEAN,394103.17996142927
-115.59729299141429,39.752906616101626,41,5214,536,803,357,9.527610050159005,NEAR OCEAN,476205.1676578681
-122.14909156692524,38.032744860552135,20,4762,462,4711,1350,2.7929233629307864,NEAR OCEAN,323937.1421500524
-114.55231283157592,39.8982433850564,1,4426,1635,511,1471,12.978765110070789,NEAR BAY,500000.0
-120.96756625061809,39.61393919844486,47,9165,1829,3289,370,6.9893624142609765,INLAND,496510.0595908713
-122.52153612648546,40.09624949712325,6,4435,708,2752,530,13.796814822268068,NEAR OCEAN,500000.0
-116.42142698828951,37.41445590486752,19,8381,869,130,544,7.284113747692008,INLAND,457045.27545894275
-117.7365739339712,33.86045371620098,18,8748,852,2854,1901,4.488083754640634,INLAND,401508.12159777683
-119.34811500681049,38.85559182450287,6,9296,358,919,511,2.5565180159712857,<1H OCEAN,199043.2814430048
-118.77414994858619,38.378658317339045,45,5594,1481,4744,1951,0.5543038733136298,ISLAND,86758.6427602786
-117.12921414614647,39.52460249154341,33,8636,1488,856,1637,8.216283532280116,ISLAND,494688.3720220638
-122.05631439703376,34.13858026693742,23,2811,1179,1984,28,2.0537721054403897,NEAR BAY,212183.4729600905
-114.34680748279031,34.37471663106172,23,7695,406,753,1540,6.180052572652084,NEAR BAY,474651.088361813
-114.5630766520463,40.91875355703388,26,6373,1068,2573,1768,9.044440537937756,ISLAND,500000.0
-117.82073010907675,39.59729108343399,13,6384,525,2689,1603,4.497445505089154,ISLAND,197908.4297829261
-122.34659379267138,41.08643007867004,7,9408,1368,4632,580,3.040752239308671,<1H OCEAN,257301.6311084868
-117.52050844598983,39.679511172152495,15,8917,1738,3959,1864,11.733463527835454,<1H OCEAN,500000.0
-123.62512797384908,38.159231429368745,44,4094,699,4851,459,14.228471998083497,ISLAND,500000.0
-124.04224887785371,38.695389055432294,27,1778,1381,1214,1595,1.9563860589985071,NEAR OCEAN,21164.115736164298
-121.76286379934741,40.906693764275495,26,8514,709,669,1918,2.756059703582614,NEAR OCEAN,335417.2149799708
-119.70526551433726,37.98657155995736,33,843,904,3116,811,14.42018353016442,<1H OCEAN,493947.96245951805
-115.63254404569986,38.49080236193013,15,562,1138,4922,1781,1.047871216277571,INLAND,104781.14580379997
-117.04922253954626,34.01244589759388,36,1668,1588,496,1151,14.675668879981847,ISLAND,500000.0
-116.8932265271522,36.999598681292525,45,1836,642,2387,1288,0.5673450047323372,NEAR BAY,15000.0
-120.07804692214133,39.281296823525715,27,8003,1189,258,1298,13.168195506944304,NEAR OCEAN,500000.0
-120.87681267482849,35.089570791157,5,7102,912,2510,52,4.956215124322368,INLAND,323628.0722421486
-120.62477081963459,34.44321183873588,2,8956,972,3492,1066,14.1095384435708,NEAR OCEAN,500000.0
-114.43399838008997,35.49311026539175,33,1456,1274,2761,864,5.09570668521599,INLAND,211875.89192042127
-123.94730371821868,34.81252090941256,16,1114,803,2387,585,9.987441662243812,ISLAND,404993.5398900948
-115.64500377893062,34.56232791451249,23,1154,1891,1341,1864,1.6604722616060814,ISLAND,77315.19220967276
-118.54009889793316,36.5378464313887,38,1864,514,2248,68,4.0137822660792155,ISLAND,186782.6245445411
-119.94630119133652,41.08276041564406,16,6109,1081,1450,481,11.718350523949136,<1H OCEAN,500000.0
-117.06841308943203,37.31143127581134,14,4558,1468,2705,609,8.165944878342886,INLAND,384887.9922476325
-119.46384382809597,34.30833078347219,29,9704,1690,4062,355,13.955551395912149,NEAR BAY,500000.0
-115.58083068966013,33.26430340887403,26,767,1889,754,1988,6.716895420949637,NEAR BAY,367652.33265265345
-115.30695328532697,39.090829325747876,35,3470,766,875,1401,13.112279304301884,ISLAND,500000.0
-120.1159218941905,36.14213637334641,15,6076,456,1054,1165,7.009853843434444,NEAR BAY,370145.92960775364
-121.57064891576007,40.27342920736823,3,1494,1874,3510,1487,14.699100041178786,NEAR OCEAN,500000.0
-118.40280270092265,38.74599633290965,23,8390,1411,426,378,14.417598530283714,INLAND,500000.0
-115.18987201000843,40.032632049594284,29,4170,364,1022,1645,5.272482230563165,INLAND,249787.70286457342
-122.23495162238311,35.099012230927606,34,7082,1203,4263,365,13.345893221043646,INLAND,500000.0
-118.09541550102263,39.05509746035856,33,8713,569,3126,212,12.790364926126914,NEAR OCEAN,500000.0
-118.0091353902711,35.0248232759679,41,5699,1705,493,1459,3.554865761249661,<1H OCEAN,283233.87917255866
-116.98954525495058,41.37663439162725,41,3750,1955,804,1420,9.55221081135741,NEAR OCEAN,366870.8938998482
-123.0290604413223,38.52828198922906,23,9424,839,3654,1506,1.5538935760523156,INLAND,317952.62835966074
-117.16311735459183,35.59365603964997,7,9994,560,4785,775,12.632305448460194,INLAND,500000.0
-115.22331349251697,35.076106624170286,3,3720,163,2221,1704,3.0309153108006996,INLAND,173782.89329305576
-122.54598158694277,34.33661916552416,32,3290,607,2755,1189,1.5268131700935854,NEAR BAY,115454.74986949575
-121.96506501776426,39.07657142318998,31,8889,676,3515,497,6.303176885312762,<1H OCEAN,453059.90815981687
-114.59719325582194,34.598113918310496,18,491,1784,2761,847,8.86537100969483,NEAR OCEAN,340942.8887002625
-122.53299139479672,38.141803732377674,43,1175,1619,2457,909,12.89629589911668,INLAND,500000.0
-115.77197366256942,35.030215603367616,7,2750,1902,672,672,14.62651662006518,ISLAND,500000.0
-119.40753032126173,38.7691277705103,41,2484,364,1773,427,6.872641432263023,<1H OCEAN,341930.939260681
-121.86780001299209,40.208582845566475,1,909,1312,3372,305,1.376480383286418,ISLAND,15000.0
-115.60767099122398,39.86121753799119,14,8147,1883,1969,1941,11.362175895875124,<1H OCEAN,500000.0
-119.87913523977323,39.699611024058655,32,5601,715,968,870,8.695012215247093,INLAND,370749.65610822116
-119.18123376654592,34.30646783756409,6,6995,1816,4265,130,6.994424500244715,<1H OCEAN,450439.3084852325
-120.74329697122634,33.37170235112432,39,1259,287,631,639,4.98439874248675,<1H OCEAN,260655.9417885113
-118.39677345159333,39.1171084760663,10,7674,188,3931,1922,7.7847786537312675,INLAND,418152.87115545233
-122.70822031924637,36.00614728180484,7,1631,1814,1736,812,5.410854264626948,ISLAND,364296.7875762257
-120.42354137201632,36.6083779904555,26,5581,1782,3959,69,11.476672082336725,ISLAND,500000.0
-114.61710028375371,32.83311296318581,34,7648,52,2049,1057,8.386458599143296,NEAR BAY,489558.8206288898
-121.75834033568067,34.98261438767821,30,5076,396,2761,1177,13.214292725234623,ISLAND,500000.0
-117.75636388800542,32.8568949604587,36,5795,1257,450,607,8.38138676241691,ISLAND,464845.52996825846
-121.08509175518407,40.81313812017774,21,8545,1605,3698,615,3.9548049934289855,<1H OCEAN,288040.60273977596
-116.58432981810653,34.83036278908637,17,3648,1483,2678,1386,12.840832292366095,NEAR BAY,500000.0
-123.03602844638776,37.784542765682005,33,6263,1535,1706,689,8.579676151485637,INLAND,476765.00886082463
-114.61299670741141,32.906795407421235,10,6771,412,670,1329,3.499195053081638,INLAND,287301.4854726009
-119.79395300450825,38.81503395218624,51,5364,508,296,1977,9.540863244365221,NEAR OCEAN,500000.0
-121.9800533480015,35.579687323546025,47,1331,741,3389,333,5.686893091665199,NEAR BAY,223144.55735537907
-123.61209265680667,40.98941954927164,42,2523,965,3060,625,12.743881378234954,<1H OCEAN,500000.0
-122.64563063292108,40.89719215786928,51,8171,1072,4769,316,7.072846210374871,NEAR OCEAN,489252.3713857647
-119.13146955649758,35.60098471878405,12,4361,58,2418,1649,11.033399692557543,NEAR OCEAN,500000.0
-120.96648810862989,41.018042028447304,16,9865,1902,4044,588,1.8852750107254388,INLAND,352902.5715220884
-116.0280110065386,41.91384370762351,41,3008,1655,1889,1207,6.2423530213840195,ISLAND,359878.95267988875
-120.02388926243546,40.307161399406354,32,4812,1216,2953,851,14.757000828849781,<1H OCEAN,500000.0
-121.8529087032202,40.49023938237671,15,6855,1060,4445,1540,12.22267419741865,NEAR BAY,500000.0
-118.15386433449554,34.88317220678653,27,9917,1099,4548,629,2.8191416343204656,NEAR OCEAN,238493.48807490314
-117.25395674247012,37.96676957325149,28,3983,245,3741,35,4.527578717420199,<1H OCEAN,236674.8456346853
-122.67289924467445,33.17287815043293,17,3615,1601,3891,1387,5.282329228417236,INLAND,303828.6625661755
-122.66710306846528,33.433177785491914,46,3503,86,4398,1121,9.930300627183962,NEAR OCEAN,500000.0
-123.98181887358723,41.93957947923327,50,4698,1240,1442,1389,11.476424012600006,NEAR OCEAN,500000.0
-116.95652376874096,35.613675337097824,2,5108,1697,3800,91,11.368135827714692,INLAND,500000.0
-117.68540254267708,39.580410612379644,36,6322,854,4305,289,7.89317381644284,INLAND,435129.86262404954
-119.58470600747187,40.130718148982346,50,4109,1066,3058,306,12.256897798653192,INLAND,500000.0
-115.87452869234926,40.61399898017803,7,2835,1018,4350,85,6.837632199983388,<1H OCEAN,395452.5538684839
-116.26107166438146,41.92768227855429,13,4591,1649,3388,899,2.2962681967856478,<1H OCEAN,246141.93746127008
-118.4730421814566,34.812481926267125,15,8693,1797,3564,87,8.684406703980292,<1H OCEAN,471141.1593170894
-115.63255634364688,32.91970128074978,25,1074,256,809,1236,14.308370076716047,ISLAND,500000.0
-122.28335425123085,36.40931218432905,23,323,976,2818,1098,11.998407945191413,NEAR OCEAN,443704.014035571
-123.2263270212468,33.76405910309039,22,4713,938,3138,999,8.891159391537515,<1H OCEAN,408626.2824899142
-121.64171390036942,32.75102761701494,26,6877,1966,2165,1422,9.878682075061905,ISLAND,500000.0
-123.77684796486328,35.93161644340138,33,8527,1609,4278,993,13.993149392015804,NEAR OCEAN,500000.0
-119.01705793886964,39.914976942617976,11,4311,1181,1773,1211,6.710970519306927,<1H OCEAN,386651.9075010028
-114.94647884935858,37.86776030442792,10,325,492,3016,1452,5.305215014668242,INLAND,245445.33338860737
-123.95499085168815,35.48324087846943,25,8283,1888,479,527,14.670002692506511,NEAR BAY,500000.0
-123.12401646333933,38.6973582716865,37,4377,1827,2405,1580,13.019925435899834,<1H OCEAN,500000.0
-119.80992175603431,34.723291076705905,48,1441,572,2509,1686,5.184131976969734,NEAR BAY,246377.94951506707
-114.97389482401984,32.67532940753832,43,4136,1653,4242,856,7.224818661733381,<1H OCEAN,314190.2571377335
-121.17579270603342,39.732565366366785,38,8501,714,1768,1145,6.518632870613087,INLAND,455131.59420380974
-119.25736252076854,38.40942242857032,41,3827,1683,1315,905,2.6618873407357917,NEAR BAY,147715.61838622997
-123.93260849513406,39.713267696554034,45,4028,1272,1358,813,14.388380195292257,ISLAND,500000.0
-122.86063426234062,32.906406737030935,24,2903,336,1100,1851,6.362530252686502,INLAND,355293.38122460124
-114.44423356549318,40.41729569788644,40,9401,617,3523,1849,13.192271698249666,NEAR BAY,500000.0
-114.6602082877821,38.369741542341615,46,6658,787,2299,441,3.2456653013696437,NEAR BAY,318521.0185347869
-124.30040259141852,37.84155025020594,33,493,1764,2859,794,8.444126754239687,INLAND,402543.05759629485
-114.79380967435068,38.41761819275774,17,6939,1770,2971,497,0.8474400843019123,INLAND,148840.05126741095
-117.93323582433237,40.67431685303131,24,9135,905,4726,945,11.581197015713474,INLAND,500000.0
-115.63610032301898,38.06307252671932,37,9816,1655,4091,139,8.923251524571036,NEAR OCEAN,500000.0
-119.78441184943605,38.00674307474777,2,8895,580,2467,1958,9.571048960311414,ISLAND,500000.0
-119.17341587306433,41.86229086798886,32,681,1244,582,1786,1.249952797042475,<1H OCEAN,88307.4119166853
-119.44198033422052,39.66083087211523,24,232,1991,948,1334,3.5600557880249233,NEAR BAY,249012.05219085581
-117.65468285423711,36.70198470929518,9,2938,277,2704,507,1.5777976491269123,<1H OCEAN,168916.76327432145
-122.94790140224661,39.19660577030985,4,3485,1523,1519,1204,4.689257579155271,INLAND,254380.82550775306
-124.04906515767831,36.20265873861973,17,3870,1931,2970,1716,9.597865611391189,ISLAND,466479.74226410873
-121.25838338642444,34.69371810196972,17,2368,1221,1302,97,8.70969677260194,ISLAND,316591.7492681263
-117.27500514212407,38.15637616151382,50,1075,776,819,1081,9.376172413394158,NEAR OCEAN,446786.9715808232
-122.32339134068559,41.27419354325229,48,7705,142,883,1437,8.464143434979468,INLAND,500000.0
-117.58873836941783,41.28320288334551,30,7313,361,2259,460,4.4589175372999605,NEAR BAY,338791.31681053265
-114.61208305708301,35.75732866697266,40,9835,1214,4699,1583,4.045358711494166,NEAR OCEAN,394402.155446611
-123.40723681347423,37.50544495714615,11,2935,1888,3474,481,2.4873654112804284,INLAND,56935.23642060658
-117.59707473301974,34.5314938055424,21,2838,1691,1141,631,12.811527686100636,NEAR OCEAN,500000.0
-119.89474779818211,41.9088887403845,21,9649,1102,1246,1337,9.438950698848044,<1H OCEAN,500000.0
-115.63385176604984,41.772319513037274,18,4234,1748,3964,1443,3.2044096813088667,INLAND,199970.02063073718
-122.57141611394825,38.65187902854708,29,9608,1508,1710,1679,3.069536007407973,NEAR BAY,352813.0886683005
-117.39603543964931,40.10953630156503,24,6933,1823,4704,936,13.159016222128981,NEAR BAY,500000.0
-115.93532249193298,39.26909251767962,10,8453,279,310,1135,11.26959752456813,INLAND,500000.0
-114.86607323648082,38.1216188411614,45,2009,1416,2314,1810,10.061286658627886,NEAR OCEAN,500000.0
-117.49018979597196,33.04200465166553,17,9419,114,4950,628,6.399529559319847,ISLAND,436488.5914234738
-119.35836536935538,36.819332463420544,18,9950,1168,1235,25,4.298645682038504,INLAND,397123.83100844215
-118.14681370837981,38.889739103395335,42,2063,60,2499,700,14.702036065135944,NEAR BAY,500000.0
-115.62619395583367,38.91557248664547,48,5253,1934,3583,914,12.059973837830603,<1H OCEAN,500000.0
-118.62107814374615,36.05108383935463,20,1066,273,4420,290,4.875798735476009,NEAR BAY,226963.30919947158
-124.04491392064375,41.40132159445207,37,989,26,4351,1663,12.789689546038172,ISLAND,432487.41832658224
-115.00327509710995,34.11482967334811,45,3161,1514,3394,1942,11.504513254912881,NEAR BAY,500000.0
-117.42715141964312,37.24838238888843,18,6561,747,916,830,4.807667973230976,ISLAND,296645.2491549443
-117.55780560679645,39.04121821934324,17,6266,1554,142,578,6.685016386503776,INLAND,481699.01407324825
-122.18462146992691,39.10004793344193,9,7067,1624,3228,118,3.1963249581698863,NEAR BAY,230560.98614218482
-117.73478987886412,38.64369258319456,14,9958,88,1401,545,2.1102604434825856,NEAR OCEAN,259990.3500634417
-120.39560136723225,35.13046208858201,49,8201,1124,414,213,10.980049476175603,NEAR OCEAN,500000.0
-117.81162091050342,34.00990381134111,29,7479,561,4966,1200,4.378921931631066,NEAR BAY,360907.12103394564
-123.27980597570777,38.52419847543935,31,9733,1628,3768,1943,12.390860803320678,NEAR BAY,500000.0
-117.74523314178552,38.17943291287211,4,7380,1305,1974,1709,14.936326316959178,<1H OCEAN,500000.0
-114.31588619326251,34.22774005682176,18,1167,108,3145,1158,1.6109873019799057,NEAR BAY,26759.785500992075
-123.86595112984001,39.175359359819005,20,4323,1958,2588,415,7.359009313713654,<1H OCEAN,393699.70725516306
-114.53917119041797,36.823168442213706,47,9118,1251,1346,789,12.129907110006645,<1H OCEAN,500000.0
-120.26464407434237,38.82362716698567,43,4707,232,2326,1700,11.939787999847885,<1H OCEAN,500000.0
-115.60763535861392,40.41962422063712,44,4085,853,52,1846,11.519958795799043,<1H OCEAN,500000.0
-116.49484974005493,34.13714451290885,9,3279,285,3542,1043,5.5604265618777085,INLAND,314374.6716509651
-118.65715673969386,32.72015320785023,13,4638,931,1803,1565,7.080872207433258,NEAR OCEAN,423482.45464112476
-116.93596993911669,39.871355337984355,15,2462,312,960,899,9.127041181451318,<1H OCEAN,467402.8046180467
-115.52970376453447,38.27725277068612,27,2324,1250,356,1257,14.622138461812229,NEAR OCEAN,500000.0
-120.29243117062363,39.12360835014417,15,6471,352,4281,764,5.249435428608147,<1H OCEAN,344145.8539971133
-121.06658705790508,40.42703831464313,28,1826,1120,4065,702,13.885586371894437,NEAR OCEAN,500000.0
-117.6473624089416,40.094450896698554,37,5891,1331,1488,1576,4.405675313617165,NEAR BAY,398750.6673374026
-116.23922674290976,41.58225858260025,19,8173,1024,922,34,14.841579749368716,NEAR BAY,500000.0
-116.69665724684278,37.583149091998436,26,8558,66,1191,1462,10.218823459000081,NEAR OCEAN,500000.0
-116.33995096545931,37.13674390332971,26,7113,641,715,387,7.2209164651989886,<1H OCEAN,427098.58785258705
-119.97674351927814,36.32175855097177,25,937,1243,258,657,9.39416120692227,INLAND,401353.24353202333
-116.13894446960279,33.986232713163965,26,4684,446,1001,872,4.451701951082999,NEAR OCEAN,277574.01810200955
-123.14310108407909,37.92823406141983,26,786,229,1107,1896,4.4755209339162665,ISLAND,192433.24424454267
-118.88332945647306,35.14668785390746,46,456,907,4794,1256,2.1465408857306607,INLAND,86860.73616975396
-124.29218304859886,41.209503689924105,28,9163,1463,4772,719,2.153729316728282,ISLAND,281474.0210972083
-121.09115826780128,38.02782546824749,49,4747,173,4670,1727,5.5412402512992145,NEAR OCEAN,339664.76002749376
-120.67072618989116,38.118626098581316,18,4518,1565,4058,1802,11.561404429497388,<1H OCEAN,500000.0
-120.37242617624307,35.87984105885266,32,6742,434,1918,24,9.315581930173357,ISLAND,500000.0
-117.36750924483378,33.02921980211023,3,3491,1396,4914,250,1.9874761247998018,NEAR OCEAN,164368.88799715147
-120.44887666324573,32.838708832159824,2,4457,1200,821,1244,12.857429612150709,INLAND,500000.0
-119.8451160288698,36.52358370648159,33,4979,1304,4885,1928,9.219830591355963,<1H OCEAN,447103.860610001
-121.96505692602175,33.33576020789501,42,5419,1120,4080,1445,14.432405863379307,ISLAND,500000.0
-120.60255201204143,38.25042985163271,19,2839,788,571,1192,10.21768927746251,NEAR OCEAN,500000.0
-122.06821294227795,40.829955983069176,17,9610,1002,3405,1627,3.0400355237106247,<1H OCEAN,311564.6869934555
-123.61511292536483,40.84822842344118,44,9827,1531,1450,1535,7.369858753463423,<1H OCEAN,500000.0
-118.29137612245097,38.741617309344306,33,4884,1174,3788,1031,9.90321516443446,NEAR BAY,500000.0
-117.64114350250763,34.52769153416028,12,977,598,4393,1269,0.9098381652246765,<1H OCEAN,21052.506068896975
-118.13031692606347,40.66080018308699,49,2970,1498,3773,605,0.7161988302447144,NEAR OCEAN,46993.84588548701
-119.69651980024226,40.87813922629729,3,392,759,3297,1862,2.3763435086792346,INLAND,80248.11569848603
-120.53695076700053,34.390510234407344,43,9943,182,1908,188,4.149134308159326,NEAR BAY,389111.6886662203
-115.68213015829888,39.47917946710207,49,8828,1058,4831,780,6.728462291049795,NEAR OCEAN,441660.9081149286
-119.13841887723237,35.236148955404225,26,2786,1275,4114,811,7.567886869516932,NEAR OCEAN,270169.95856493537
-119.5390139485975,40.09284533924107,35,333,214,4731,1019,2.5014003295995035,NEAR OCEAN,55508.711624755364
-124.09255365930338,41.9240086380929,8,2474,1904,2448,171,10.264177897179547,ISLAND,446678.52368060505
-120.92387181063339,32.822544710149586,36,2372,561,192,1035,9.144001894599755,ISLAND,411679.55736245145
-120.53283598738999,40.984212797092674,7,1066,378,2901,243,4.769729433196823,INLAND,237883.14562612283
-120.34581927979512,38.398953321163376,46,989,869,3519,523,0.6980683098117342,NEAR OCEAN,49665.780843995795
-118.52506941295758,41.69953044634097,46,3963,1374,3745,1780,1.6258947726227158,ISLAND,126160.17548553362
-118.99263043086214,36.915739559923686,36,6254,446,767,1593,6.1795742449071716,ISLAND,352408.6534481662
-118.24663286835381,40.51392042667663,16,3500,516,692,63,2.732628091902417,ISLAND,189378.25086827384
-116.67057205411703,33.12712818550979,24,8326,847,3490,716,5.963884289145577,INLAND,425977.8199868924
-116.18762318329043,35.69497586123676,1,4642,505,2598,523,9.60864776540015,INLAND,460695.7767062341
-117.140044314686,33.17062562023889,49,3623,1851,3743,1998,8.434942704249611,NEAR OCEAN,355973.00371527416
-114.75654209261246,41.717978886038054,25,1863,1492,419,1284,3.8520503054922166,NEAR BAY,186411.7418083452
-124.16694486992932,40.22772446742798,10,3391,1456,3700,949,5.48542612325191,NEAR OCEAN,254743.9659701663
-122.3843890237372,40.56247123392458,16,2588,349,836,862,9.403452377505435,ISLAND,442277.1100680409
-124.27406873521944,41.36625282779295,16,1658,1775,999,370,12.982397906630005,ISLAND,500000.0
-117.84935386988778,33.34082380438718,8,4790,908,571,1765,11.42159486171372,<1H OCEAN,485085.5816224352
-115.33377328854213,36.16847334555047,29,6221,1010,2993,42,8.524300389084516,NEAR OCEAN,500000.0
-121.90543774237395,33.20843830590406,39,2376,1190,404,1679,5.75324847558905,ISLAND,301101.9186959353
-115.04257317024508,34.52356308558577,28,4539,278,2385,617,5.793243524356179,ISLAND,377651.7765109244
-123.7449154014928,34.698331961924495,6,1203,311,1532,1086,13.251550998833743,NEAR BAY,500000.0
-114.96826229087264,36.95429885595772,16,7620,1854,1697,485,1.0690318525879228,<1H OCEAN,122859.88840629617
-120.81970822011407,35.06716999573878,20,9711,162,3095,59,14.825748344093784,NEAR OCEAN,500000.0
-123.33173488236986,33.490203985155134,16,5509,1980,4681,322,10.133443457347653,INLAND,500000.0
-119.47184753776929,34.11609114837555,7,9770,766,2265,1724,10.376496636549662,NEAR OCEAN,500000.0
-121.7719632600861,33.925863053025175,41,7969,646,4766,194,1.0509686409187613,NEAR OCEAN,155903.1363796164
-121.4898760643023,41.69665266835473,14,3056,1408,477,1018,9.280174485923446,NEAR BAY,461686.9139281156
-121.26480875214008,39.68494249010284,43,7810,109,2587,1575,7.529281871311482,NEAR OCEAN,431760.9303888167
-116.28761998576006,41.64663538818658,26,6117,739,594,1504,2.0337941499639713,NEAR BAY,286996.0181479742
-118.93682078218045,36.67795797803942,26,9674,1207,2814,640,4.529869156155707,NEAR BAY,407278.5514027363
-121.22447070047372,35.1594474124456,14,3484,500,4969,1236,13.409559615097942,ISLAND,500000.0
-118.22224881555837,40.051938985738445,7,9861,103,3815,263,8.474832030056318,INLAND,500000.0
-117.15984723079913,35.61004936876719,33,128,1120,708,855,6.494540340021676,NEAR BAY,236086.3029119876
-121.61285503263532,35.35719754656733,26,8997,692,2877,299,1.5538912596917587,<1H OCEAN,239949.63257333077
-120.19796702068547,34.72788138667569,45,9312,536,2108,1783,10.854762147333432,<1H OCEAN,500000.0
-123.12626362289704,33.760279185090056,20,9738,504,3377,1079,10.691336939242472,INLAND,500000.0
-122.5312605306718,34.95331740416777,3,7856,1633,780,576,9.40363230110217,NEAR BAY,477030.081597765
-117.51157674619157,35.88355883313928,4,7048,1646,1882,917,7.898808370199413,INLAND,500000.0
-122.5283589891359,38.88228549865133,26,5855,1642,458,1583,6.789873832006904,ISLAND,374190.8999110469
-119.07735962798272,33.128735165285036,11,3702,801,4229,1197,9.102430848325888,<1H OCEAN,391760.45352060103
-117.23117553230678,34.52087030225088,2,5162,123,3297,1066,3.884234050061897,NEAR OCEAN,235457.10397638447
-123.27695569212877,40.15291245514468,14,8171,1495,4852,738,14.148256430575891,<1H OCEAN,500000.0
-118.65418531492581,33.922535300923286,44,7344,1530,183,951,9.03752067311333,NEAR BAY,500000.0
-121.7741096516383,35.76429082877693,30,6472,358,4933,110,5.012290443138459,INLAND,343809.6943710375
-114.6822141726147,40.6764404546851,49,7205,706,716,409,7.020357837834781,<1H OCEAN,366414.9081285705
-119.49520170693195,33.997847177859796,12,3681,1609,326,1974,12.182429438714939,NEAR OCEAN,500000.0
-116.25783480025741,33.31855362316717,26,2862,919,3357,1402,2.843432880589313,NEAR OCEAN,220853.90371675073
-118.82572551675113,37.0995025337029,44,672,1521,931,569,4.746116525673775,INLAND,113135.66698613796
-123.9141381701376,35.38576760113103,33,7805,1766,2110,950,10.352866329680053,INLAND,500000.0
-117.99316018903602,37.841672709793066,13,714,626,2132,1271,5.074593493992246,<1H OCEAN,248422.79044672102
-114.79791044424516,40.103804019449505,14,4150,242,1287,1245,11.991274386991256,NEAR BAY,500000.0
-118.30981732573083,33.83056727351731,24,425,1052,2502,1393,2.391575564071732,ISLAND,53222.77329662186
-116.12534385135503,38.004378385655826,34,3840,1096,208,1864,11.558949471591824,NEAR OCEAN,500000.0
-115.47256710798199,37.29683743526862,44,458,1120,2646,1809,1.4910998653332104,INLAND,15000.0
-122.06007908963271,33.89578137638421,26,3877,1761,3865,1081,0.6825928836786743,ISLAND,61466.363628388666
-122.2210698073214,38.411825748827724,21,6006,522,4424,752,13.52424102306635,ISLAND,500000.0
-118.21575087193604,35.11495633206986,28,1821,1359,2576,519,8.92941864551833,ISLAND,470766.15330598946
-120.22327416314069,37.130520937499156,48,1449,1857,160,1742,5.601490007758766,NEAR BAY,169554.0986651387
-115.91779251921812,33.314182571447155,36,3796,841,591,1086,3.872622235975831,INLAND,151030.1182083228
-115.31376784108397,36.864685978380194,40,3996,1885,1188,890,9.444843857281834,NEAR OCEAN,471879.84028098744
-120.8016493518007,35.42382123428294,2,4360,643,3333,1669,7.880531661282704,INLAND,407661.41078164155
-121.97181958789619,40.27860719725419,42,9888,1906,3660,1815,14.878167745184784,<1H OCEAN,500000.0
-116.51352382695163,33.076169821045234,9,9919,184,4505,536,14.756631806479314,NEAR OCEAN,500000.0
-121.5909474030967,36.479094456981485,23,7041,1322,3607,87,9.70785620905334,INLAND,475907.24319088797
-116.09095224212267,36.853839701076836,15,3908,1070,2469,1783,6.921622338535412,NEAR OCEAN,359631.22415821167
-120.09566793336641,39.36230717797471,13,5346,1113,1806,142,7.621544052452601,<1H OCEAN,422261.23771066975
-117.64779901111363,37.944046081598884,23,8484,1261,3136,1728,10.395946460434498,NEAR OCEAN,500000.0
-123.39082544909992,38.81846809299724,17,3945,1408,2356,355,1.97283089141303,ISLAND,253177.24421909289
-118.08645238024721,39.852033777983024,48,2677,1744,1025,1196,5.261105070255414,NEAR BAY,250603.40954986156
-119.81425250547822,40.65332998212356,2,191,1888,772,993,1.5914474945522559,<1H OCEAN,15000.0
-118.46045102971824,35.49356842415845,20,4334,1990,2620,798,1.5637310129953337,NEAR OCEAN,168477.95929151273
-122.66313735424157,37.60279365747433,20,8772,1349,374,1712,3.339669007466389,<1H OCEAN,302336.4214929064
-116.95178760076041,40.44541701811287,46,6692,1167,1579,1205,7.53617219160179,ISLAND,426382.576283539
-115.68751734146599,41.85073514238118,3,8228,38,1995,1257,11.879227656860445,NEAR BAY,500000.0
-122.17393240708861,40.91037671692182,12,1175,1300,4536,1953,7.539690421905152,<1H OCEAN,330018.394019662
-123.38902586257757,36.03550694129539,40,2613,1339,2480,1419,5.364410853132611,ISLAND,287979.3837245901
-124.11266859609478,34.3765169270275,2,8268,1971,4161,1963,1.694118359882993,ISLAND,282794.9733624667
-117.90460613554961,37.145183776996,36,6961,1065,3560,1486,8.479285086155379,ISLAND,453117.0966369672
-118.25477587766864,39.51884606177716,14,9090,1923,895,442,4.433394504006063,NEAR OCEAN,317866.6432996821
-118.86115797635074,37.17507495578853,16,704,1008,617,1581,9.416545579798639,INLAND,365068.42996135884
-122.0212511549956,37.08673192378162,19,3079,469,3738,958,14.669222217420065,<1H OCEAN,500000.0
-120.42530380110863,40.427748262379744,34,7240,571,2229,823,2.1140576614244773,INLAND,298667.71824856853
-118.38145759473082,35.94080956102222,44,7165,1593,2069,1978,3.5758182814681287,ISLAND,342382.24724571535
-119.36246073705394,40.63066788997759,46,5016,1091,3369,1744,7.359870802440934,INLAND,427099.2670106273
-114.43263337704254,36.36803317695572,6,6900,714,2370,1955,14.544900322515979,ISLAND,500000.0
-122.9801448843304,35.628673524433175,13,697,606,1696,653,11.691241755914936,ISLAND,487776.4181880852
-117.37074867736216,36.81204506438917,36,9824,740,4053,1273,13.524323300861036,NEAR BAY,500000.0
-120.2906395682329,39.714625881130516,22,7420,1226,3959,1102,5.338865302898998,NEAR BAY,349348.7365920873
-120.05087586614682,33.72567908220019,18,8805,1478,3470,115,14.88455786978962,INLAND,500000.0
-117.14531843279191,34.38830482135568,12,5722,126,2581,1305,1.9910758329302822,<1H OCEAN,111444.559330059
-117.39794104070333,41.4930958094897,30,1977,1231,406,373,1.268107137668462,INLAND,16878.095440318197
-114.39778982323003,34.19137621365857,51,1799,795,3131,1355,12.906238092283408,<1H OCEAN,469503.05603863567
-123.06092133388057,37.88231406173122,40,9321,1129,2330,1179,13.9453406180013,INLAND,500000.0
-123.30473912018296,37.991349131288835,7,5880,1879,4181,1905,1.8134876844184755,NEAR OCEAN,257449.0768845803
-117.07763827602744,37.14736618789281,32,816,1886,2510,1838,2.144697687814702,NEAR OCEAN,42660.09057167616
-118.54299535325565,38.60705278910787,48,4186,1499,2837,986,0.9810252874587203,<1H OCEAN,65354.01496133961
-121.59742690773955,34.70266948975559,19,765,1180,4259,942,2.0153596583194995,NEAR BAY,54646.018131701305
-123.55262953535058,37.7405519397792,6,7946,1901,1247,492,3.5365873436040727,<1H OCEAN,355759.17589342
-123.48999117405184,36.0421503318733,20,6711,917,1328,1675,14.566110974195015,INLAND,500000.0
-115.37232361837225,38.76628891311067,27,1179,355,515,449,10.183973222475366,ISLAND,481691.7261731035
-122.42365205982382,33.86891354314134,43,8519,626,4050,1980,11.789018870018861,NEAR OCEAN,500000.0
-121.10334951636017,37.911956492459474,37,8440,857,3398,994,11.75402135352707,ISLAND,500000.0
-122.07436972164103,34.28339404415708,48,1169,1800,1537,556,8.258569371798611,NEAR OCEAN,263897.8493410769
-120.78583708944734,35.16203122391249,7,5363,1512,4992,1897,12.06359017683875,INLAND,500000.0
-123.65298461882922,34.59805922104492,5,8051,621,4647,1189,9.13920921965456,NEAR OCEAN,491551.6107688849
-119.13863969928096,34.26050350856557,11,1463,1614,4586,1567,5.060918415248685,<1H OCEAN,236883.14989405693
-123.67116986153415,40.30994005418588,15,4608,422,375,106,8.63609657714181,ISLAND,442628.2654069934
-116.31442066146349,35.228508211688975,3,1855,559,1815,1990,8.235874498950444,ISLAND,372339.413373606
-122.00353069761925,41.26423478734447,5,619,1115,4212,128,12.44006927951015,INLAND,500000.0
-118.92828037737071,41.667008603498246,23,5563,1825,353,1466,14.735044652034055,ISLAND,500000.0
-115.51400596088295,37.915561022108086,37,7333,43,4629,1388,6.460117198603493,INLAND,398048.0890000229
-117.81519121476617,33.885640564284486,9,1202,643,1490,1309,11.569164837399715,NEAR BAY,500000.0
-118.9991038230246,36.06449897020186,15,697,1855,198,1777,1.9465635585529364,<1H OCEAN,75527.24895173736
-121.09368911872163,40.0466605981067,3,3373,1528,3084,1629,11.764054857000184,NEAR OCEAN,500000.0
-121.00666079289569,35.99714675703943,29,5881,1099,2681,1013,5.8855452239018655,NEAR OCEAN,404152.3660905331
-117.62835096981017,33.358832024229244,6,6356,1005,145,1537,1.0711573619004566,NEAR OCEAN,173077.38697553656
-114.36884081333947,37.77934601183425,17,7358,242,3505,1376,5.7670695891515695,NEAR BAY,484732.0305906601
-117.70513453391224,40.49258721257769,26,8880,1675,4427,841,9.354319888363849,<1H OCEAN,500000.0
-118.74985448960494,40.02966730302036,21,6654,198,2419,1456,2.229127431381265,ISLAND,235551.42422862357
-117.01426887719796,34.187908748626626,8,9699,819,3517,1657,13.898500140238692,ISLAND,500000.0
-119.67933565267147,38.870715021621315,21,8102,453,578,956,1.6262499924561595,<1H OCEAN,264255.91669432865
-123.7461708802881,34.61494511892944,11,4946,1980,2360,1024,13.98509743758091,<1H OCEAN,500000.0
-118.70453996858578,34.59333290013594,38,9921,1493,4725,668,10.753494010067454,NEAR OCEAN,500000.0
-114.73544214356599,40.76501538680179,8,9286,812,1713,210,5.2808265435059525,ISLAND,422663.34950105223
-122.58995845872909,34.88938484528556,42,4898,903,3414,952,6.165880041781852,<1H OCEAN,308162.5163519887
-117.42235089616051,35.01715753073449,24,6705,511,2391,161,11.24173578862479,ISLAND,500000.0
-122.33262576586307,32.546148407063825,35,3086,1232,4955,1912,9.221330962777508,<1H OCEAN,459519.98518081196
-118.97029004789026,40.732995611121126,14,500,1621,742,1116,10.238822361096705,INLAND,458445.541545492
-123.37936844554693,39.99831719229796,14,2955,829,4380,859,6.14288693944546,NEAR OCEAN,268120.5092362139
-119.82827579996781,38.443165279203285,10,3512,980,1001,1210,7.573295486210185,<1H OCEAN,410075.3928340246
-116.75812017789173,39.600000838664506,12,156,439,1410,187,14.853078518549454,NEAR BAY,500000.0
-120.86038189664062,33.97077701946447,38,8122,1292,588,585,3.6018816222459065,<1H OCEAN,246021.96468343007
-117.67428628614833,36.85282502506909,44,1975,1631,869,1302,6.558914704570905,INLAND,241785.02037867674
-116.36368239367113,35.84497443495203,46,4643,668,3212,1482,4.731436219822526,NEAR BAY,338018.21723254677
-115.0411346924263,33.422437112078526,34,4398,1207,3975,1154,11.594116901377822,NEAR BAY,500000.0
-121.99419349817124,37.114487865872434,41,3868,1788,321,763,11.57818307215295,<1H OCEAN,500000.0
-120.34086820527455,41.2041601097242,10,5852,1298,1078,692,4.740459184462241,INLAND,292711.47560627654
-122.8197432261626,32.91695631026703,17,4933,495,3715,883,1.680159591178252,NEAR BAY,185109.8760355158
-114.38546563832992,35.2826471959766,17,1453,1849,1292,858,0.6657738117469587,NEAR OCEAN,72505.76388624383
-115.04291028204008,34.49296020969567,3,5087,1460,1191,550,6.698032732016039,NEAR OCEAN,333937.82954809145
-118.92883041198318,34.7809600109942,31,6697,189,642,1333,6.449895117868678,ISLAND,461458.62121625524
-115.89598572446073,41.088369133184926,51,4411,1360,1655,993,14.831653240278012,ISLAND,500000.0
-119.11958190818869,36.94452980034467,1,3034,193,4260,581,7.312130097616355,INLAND,356104.64493912074
-118.0891996924523,36.927877475763694,12,122,489,3427,1553,4.218066358843599,NEAR BAY,72054.3741467186
-123.45519070155518,39.69701679550421,39,1309,364,4121,194,13.422826894956277,NEAR OCEAN,496273.55125585
-116.76708497821205,33.99377163968635,4,9040,464,4352,321,7.6204852699768875,NEAR OCEAN,500000.0
-123.06775662430223,37.12516698208148,42,904,1061,3744,1739,9.188046710553378,INLAND,385325.25169755536
-116.05628099226462,36.586160864879176,13,8425,1113,2400,204,1.8871963012090838,NEAR BAY,214709.53163642748
-116.49843799978933,38.15692959804404,34,4516,1381,4257,1382,6.052287906281724,INLAND,303936.83834631706
-117.23420323466051,41.94583798758663,42,8725,647,1490,529,14.191243279869909,<1H OCEAN,500000.0
-123.98694977953139,39.780514093312064,21,5241,611,3676,838,9.047828070543668,NEAR OCEAN,500000.0
-121.3065913063089,36.28391626539399,22,5068,546,1932,1353,5.495276899565694,INLAND,293084.5078591931
-121.70834979809513,40.32727422189878,4,3771,1731,3761,1550,9.5721741191581,INLAND,500000.0
-120.73423046898594,34.14636569877044,18,7392,475,234,1389,13.700960798882683,<1H OCEAN,500000.0
-123.47006682249106,32.82666328816732,5,7101,1312,270,1124,4.472863706852555,ISLAND,345967.0261009777
-114.94294345676813,34.46385918488881,19,2198,1674,3238,1417,7.824192417824779,NEAR OCEAN,268175.7537932496
-118.78982550324774,35.743272743035185,2,8544,830,1143,175,14.401014481720452,INLAND,500000.0
-121.28253592099344,37.34456492769446,12,5161,207,2995,806,2.9997440778275637,NEAR OCEAN,264214.0505310482
-120.3643055685742,38.32836521249269,17,9421,1040,2524,814,10.935126921152317,ISLAND,500000.0
-119.86008649333145,41.10879979898771,10,3364,1612,2665,451,9.409974618943243,INLAND,463862.8446756369
-118.3200328930594,37.33772622986981,34,5535,730,2062,1543,10.355289401539205,<1H OCEAN,470973.1235883624
-119.17257854592717,37.257003815928115,6,8593,548,2540,780,5.5926846446797605,NEAR OCEAN,374455.6395212664
-115.11930458892725,33.012786722434264,8,6791,453,650,166,5.051250915514592,<1H OCEAN,254257.63717808475
-119.36048663162546,32.86851771049506,51,2863,307,1210,500,10.42104022353137,ISLAND,431729.1996962832
-114.38873353117394,37.72641524163306,11,4105,1961,4649,454,3.6253776340159076,ISLAND,225972.00855432235
-115.80169342423923,36.66326075066692,12,3341,1610,4363,1562,6.584993800455575,NEAR OCEAN,346611.10239464213
-122.25655443585235,40.436687516764614,9,3157,518,2785,1712,3.2285323677673112,ISLAND,156634.80402196723
-115.00682404497508,34.05199489213846,2,650,1484,2268,1726,0.6204201962882813,NEAR BAY,65424.48457069512
-123.18168136522982,32.77498334052144,8,5674,1824,4757,88,14.565831720552007,NEAR OCEAN,500000.0
-116.14280492674844,36.765454806222486,11,5511,322,1202,1649,6.759693190518076,NEAR BAY,369311.2369430839
-120.52854213349514,34.774673219038746,36,1687,106,106,1924,14.555569409087466,ISLAND,500000.0
-115.5351378227315,33.00687125311846,10,6020,849,1254,894,2.534691036633478,NEAR OCEAN,326768.6027628473
-115.6347108313212,39.35846987923619,21,5360,457,4391,1931,9.016818302133547,NEAR BAY,459822.38988511177
-116.25850898281908,33.5900901295977,20,4509,560,193,205,3.4141234754729743,ISLAND,274357.1186633643
-116.4180944194771,38.26428649507314,48,5883,1065,417,923,11.956074840967483,INLAND,500000.0
-121.29102144345566,35.18467814907043,8,812,852,1532,701,11.86369333703414,INLAND,478379.7645816106
-123.53757039816543,34.172597833840754,36,5506,816,665,223,2.132803661070021,<1H OCEAN,117917.83896073466
-120.30407900519778,36.11346183067078,29,8090,579,3688,573,13.724934566707642,INLAND,500000.0
-122.60781386953545,40.081604754257995,42,7520,1560,3378,32,3.322129884446757,NEAR BAY,287104.3700530435
-117.37269106741928,36.22960055867203,12,6943,781,3277,685,9.388171453045725,INLAND,500000.0
-120.87515874556063,39.60474239907604,14,2533,1718,1638,1317,14.79168749127171,NEAR OCEAN,500000.0
-114.55487358336646,33.72082605288001,48,3401,1546,2539,1341,13.294749754112276,NEAR OCEAN,500000.0
-117.91464034345286,39.8117790590484,50,370,1757,3053,70,14.37017696413695,NEAR OCEAN,500000.0
-116.09229514111101,34.76954258737156,21,1179,486,748,519,5.467682182662732,INLAND,269105.5101501038
-123.01945228567183,38.914269352254294,22,5422,1144,2873,388,2.0308468121822187,INLAND,175767.0494710696
-115.69537459798288,37.86400443105378,21,8895,1626,994,743,3.2310296626970265,<1H OCEAN,355824.8618395809
-115.08551780724552,41.28325178896198,44,5357,1985,3931,1699,7.7571759786109,ISLAND,363048.65557062346
-119.45989833505789,36.18470489414771,50,8082,694,972,376,12.00183033496317,<1H OCEAN,500000.0
-118.26322050498018,33.16261442693208,30,9877,704,1796,1046,2.6772278406661907,NEAR BAY,290308.08387751976
-116.67130959893393,32.72025311903729,39,6314,1184,4170,1297,10.066107217780978,NEAR OCEAN,500000.0
-122.59462018230545,40.32073905875361,20,5106,157,2903,1518,5.191875258572922,INLAND,320700.0543652186
-119.30423659230703,37.47776235039408,24,4085,597,1609,866,5.447430049686226,ISLAND,306519.9361362487
-120.34742320116598,39.83504652776688,23,9687,729,1133,1549,10.097807087289931,ISLAND,500000.0
-122.88040511869102,34.745944896108355,7,8891,1883,3588,275,7.271491583231693,INLAND,393281.27436072996
-120.65995440019302,35.78723804527953,9,8805,247,483,1653,12.274482748876911,<1H OCEAN,500000.0
-123.66555001376965,32.82327743750851,1,6091,300,2976,1728,2.7608183901109924,ISLAND,180290.50450955133
-124.09084845422714,41.5876427742424,26,6327,703,1139,1193,11.954249911622059,<1H OCEAN,500000.0
-122.99293045688557,38.82463700205466,38,9358,847,3007,1531,1.4314110968326026,INLAND,189016.81761779648
-114.6803242796447,41.32145987581507,38,7933,450,2662,298,3.3137812635612724,<1H OCEAN,310171.7560955794
-118.83272345961403,35.03832119390757,44,2986,1083,4241,1102,10.014170860295899,NEAR OCEAN,500000.0
-114.65314550202167,38.29387258163347,22,2753,1562,3809,465,12.896422019410533,INLAND,500000.0
-120.00772130156547,38.92468470163372,44,9380,1729,4313,132,4.163854602220561,INLAND,290898.9461801773
-121.219366023824,35.52814267942391,10,4964,1706,2139,855,5.244278284519238,ISLAND,366276.6378650027
-119.26833569708394,40.52070790149708,6,2614,1254,1952,774,8.288250850157729,ISLAND,472160.07788582996
-119.93730264612557,41.452789365891334,17,4069,321,2617,1865,3.5678056940948837,ISLAND,161813.19388186157
-123.28912657001209,40.8664866575194,51,3384,1129,2048,1612,12.261765793018832,NEAR OCEAN,500000.0
-117.91610380051033,39.494620243589495,50,7840,1440,3164,1532,11.717731352583531,NEAR OCEAN,500000.0
-122.18097664760361,35.150942636211816,38,4666,1296,3044,1450,2.606729823503833,NEAR BAY,184576.3585590872
-118.1293369328258,35.19000695621399,24,2296,552,2060,386,7.225531111341166,INLAND,247360.67908839096
-117.82198103232254,41.60522061539722,51,889,788,4894,1103,11.735002616492011,ISLAND,418534.52015690075
-122.82367047458837,32.63677710675486,10,3575,1934,1941,348,5.391278200999515,INLAND,223761.46777604293
-123.73404974380888,39.27803024820858,8,9956,1958,880,747,9.680048929407109,<1H OCEAN,500000.0
-116.51115367587286,39.18577638964502,21,1409,1424,98,1512,1.2280902611348046,NEAR OCEAN,81646.17270826423
-119.73360374535602,38.399508580337596,6,964,463,4260,1788,9.32598702767511,NEAR BAY,447205.97316871106
-123.76603549312502,41.85692424167741,21,5489,1076,1228,1025,2.7134682100088017,<1H OCEAN,150445.67161881283
-114.36154217561554,35.474785490536654,39,3463,279,3083,1610,12.543458214159545,INLAND,500000.0
-123.76988316759648,35.739135238294466,24,8315,1277,120,1928,5.654017221916938,NEAR OCEAN,336962.6570913007
-117.37184630226012,33.282819781727085,33,3103,1558,116,739,4.582531009558838,ISLAND,259781.93781032783
-114.47386359035534,36.70673046487657,18,8602,1902,1827,1106,12.692890162316532,<1H OCEAN,500000.0
-121.9486317536721,34.99646663186992,28,1331,1351,2278,203,1.227088334541248,NEAR OCEAN,25167.50420781992
-122.92181633838055,35.771268867491635,32,8059,758,1839,1042,6.250827590347999,INLAND,331360.0238778388
-123.13129520819881,40.39332054630546,12,2811,815,662,330,5.865051338337955,INLAND,358807.8439883397
-121.30511751842134,41.34290927229374,48,6681,89,1936,1836,4.629605426618487,<1H OCEAN,428282.325828793
-123.3355000574531,34.2877482075688,42,7805,1497,1672,1581,13.720437814021418,<1H OCEAN,500000.0
-117.40070012939091,36.04530904591812,27,521,1482,746,196,11.388461705992473,<1H OCEAN,500000.0
-123.72459034677416,41.27841358950586,10,1046,1868,1287,1618,1.4268858807831122,NEAR BAY,49649.876593785026
-119.23540183337612,33.12161761508558,46,9478,1407,2456,1472,10.862968016806834,ISLAND,500000.0
-114.34316358731611,33.40911256952807,42,1934,1002,298,1116,8.145837430367513,NEAR OCEAN,397077.1571260144
-116.17773849415957,34.07186320843062,32,1664,1809,687,866,13.562584468822898,INLAND,500000.0
-118.17319684016066,38.14095276913389,42,7432,500,999,1210,5.037711451551198,INLAND,342175.8901652921
-121.27521364730242,33.95594407016644,26,5044,1187,1954,1268,8.825348994338952,ISLAND,439749.73480808927
-118.08608580363195,41.64959874945141,25,1408,43,3637,1620,7.760951483744297,<1H OCEAN,360484.9879521115
-119.05850370232702,36.74358370150268,11,3086,984,1161,1624,7.598633140300283,<1H OCEAN,368768.46884694207
-120.07212282574066,37.259284006895065,23,486,1468,225,1995,7.113528292999583,INLAND,257890.85499019478
-123.03766781752839,34.861057574728875,34,6231,765,772,28,3.4816273952180787,ISLAND,248840.56276756377
-115.44849367898571,36.971735975410844,40,9453,864,3892,255,11.457793876139695,INLAND,500000.0
-119.83416212583393,38.76860728311428,23,3358,1218,3724,729,7.044372474719686,<1H OCEAN,376377.67399709846
-122.39598998131952,39.60857685873754,29,6221,1887,4916,943,14.398485987537782,NEAR OCEAN,500000.0
-120.657696117192,39.63389865830028,31,4911,344,1997,704,4.281722194295257,<1H OCEAN,382288.9507695587
-120.19213728460957,37.97795537045137,7,6674,1912,752,813,10.399785674592096,NEAR OCEAN,492923.9286732701
-116.04151952850859,41.0500254826922,40,6797,1714,2178,1071,14.140397654767073,NEAR BAY,500000.0
-116.98451161916353,40.23180784315049,33,4033,1903,976,827,10.120145683733341,ISLAND,488206.0137451921
-116.62617886784095,39.663822759314066,21,1539,1391,4283,1954,13.133457160452222,NEAR BAY,500000.0
-124.23924610513637,33.06324795901313,2,6269,817,3554,1689,12.498473916476588,<1H OCEAN,500000.0
-120.17181385827519,32.6047216244869,18,4580,37,2567,46,5.721706874590556,ISLAND,285392.98831530445
-119.51730471758135,34.5391288784094,47,155,63,2447,569,9.2017971291227,<1H OCEAN,319419.3168786504
-124.1573095406965,38.78375701872559,33,3424,174,1199,1239,2.765789427264656,ISLAND,179103.18787570114
-121.74147538419986,36.409368370384755,37,6877,886,3430,1246,8.265125299086193,ISLAND,429036.25647728785
-116.71669017585377,36.326642900006526,34,205,941,1928,104,3.8411185913078896,<1H OCEAN,139264.4905905419
-122.97341855448084,40.86396261824067,20,3301,1420,1303,1875,11.284183816810462,<1H OCEAN,500000.0
-118.97548628021597,40.9672464009206,35,769,762,1533,1073,8.156847117435806,ISLAND,280309.6550248342
-122.18937320494693,41.095339234744245,51,9034,1926,359,485,6.462796758159077,ISLAND,429606.263851625
-124.22830742257531,35.49359270000641,50,1066,1871,4002,1142,4.397557894421174,<1H OCEAN,249948.1179264152
-121.9283373657006,39.04283519787646,18,407,1445,3099,1942,14.98112798669866,<1H OCEAN,500000.0
-114.55222750070305,35.09606823579182,46,2238,244,1614,1233,1.539802552831524,INLAND,179824.86320401286
-116.30256739669478,34.33363852923057,24,209,236,1550,31,1.1316298683000903,INLAND,15000.0
-114.71585049101682,34.27739142363875,8,3732,1611,4915,1646,3.650232307161036,INLAND,311618.5193139085
-119.45194539897932,35.75923271232642,30,6828,50,65,1032,14.580550650103385,NEAR BAY,500000.0
-123.24824856527786,36.58590120212812,44,5784,1912,655,1073,14.698953440639775,ISLAND,500000.0
-118.84848673070412,40.3592316996282,10,6599,1102,1431,1768,9.996452154195971,NEAR OCEAN,500000.0
-119.788051561018,33.66817518957822,23,2015,1935,4958,1081,13.261546674492868,NEAR BAY,500000.0
-115.87265488929425,39.45565222398596,49,656,917,3433,1896,3.6024450971915334,ISLAND,226325.19305519553
-123.36525088892618,37.540990742521366,11,7719,1396,944,591,14.594610365561042,NEAR OCEAN,500000.0
-119.44805898430134,35.24956567458109,2,204,954,1617,1337,2.5703803270236874,INLAND,52089.38615107606
-122.84351140647239,37.17743229045388,26,2147,464,463,1403,1.966315228634045,NEAR OCEAN,160095.19818239668
-121.0902536940238,35.36245487660178,36,245,1278,4170,1698,2.127067319085457,<1H OCEAN,217459.48948772112
-116.94693494302649,38.14913119879246,33,973,1150,2054,933,8.810354887452188,<1H OCEAN,400636.62964360573
-119.57077798113758,36.62247131406785,47,398,1234,365,199,11.824128810411759,ISLAND,500000.0
-120.57608161713647,34.08705602863225,13,3338,549,4716,816,5.81667407918218,NEAR BAY,261363.73680658132
-120.38945816315685,33.63704673156911,40,8937,1956,4870,1155,14.679491822898834,INLAND,500000.0
-119.73715444520388,37.684406368298745,25,6482,757,3105,1785,6.799092002715778,ISLAND,370611.95524725254
-116.46843389987595,41.031706643222236,4,2611,1722,1899,1487,2.681503986211636,INLAND,184597.29587065164
-115.39346972304006,35.77664183050782,42,6696,1626,2003,1064,7.256517848698982,<1H OCEAN,470656.99636774167
-114.75843974750056,39.43753100896489,19,883,893,438,1188,10.346038898625379,NEAR BAY,440787.3951200367
-116.44949000199684,38.73800334998321,18,5092,585,2819,1542,12.567273817313492,NEAR BAY,500000.0
-121.18331476668995,41.305931743652216,37,470,1288,4589,1189,7.152140204370597,<1H OCEAN,294048.35277723434
-117.44112755089111,40.26543137278492,30,586,1905,3096,460,9.107298977712928,NEAR OCEAN,442244.727155272
-119.95646463448386,37.87175548630041,19,7478,95,2465,906,4.376498326303373,NEAR BAY,281542.3939074926
-121.79310695465765,38.72265698838295,23,3296,566,2439,440,9.865789632879952,NEAR OCEAN,500000.0
-115.90764934256374,40.99381665055577,16,9652,286,353,1359,14.796593187279983,INLAND,500000.0
-123.96419945641826,36.29947176296306,1,4387,336,813,1209,1.211276802523011,NEAR BAY,137010.41802490223
-115.29630959896035,35.61513818212168,12,2361,1855,2023,1695,13.354694725224933,<1H OCEAN,500000.0
-119.71676625516767,32.641732297007195,24,9248,1164,865,1246,8.65309629012908,NEAR OCEAN,500000.0
-117.95249717284486,40.31784560814168,34,8672,1879,927,1539,4.155430563653349,INLAND,346231.47597250226
-117.73008662105394,40.07722839079567,8,338,44,4848,1799,14.34590079513424,INLAND,500000.0
-115.36301788330638,33.52291701532243,18,6943,1475,2376,1668,7.508637394354034,NEAR BAY,352516.141946968
-117.95783639104124,37.96822795645871,48,1205,179,2479,487,5.3095086492640915,NEAR BAY,243173.10198906803
-118.18610680900898,36.90606777975041,5,1486,615,2110,732,3.1317156099271966,ISLAND,175162.66138945383
-123.68081351277067,33.65705258874074,26,9819,1157,4448,404,4.0445570487216,ISLAND,308733.3190561324
-119.14518345967015,41.76714701664141,30,1767,1778,1629,333,12.576311103075918,NEAR BAY,500000.0
-122.84230323179689,34.56028830103018,13,2791,919,4305,790,9.408945135098904,ISLAND,317318.7815932488
-116.94616496203628,33.17267363465218,19,7856,521,2251,1298,13.742061482580583,<1H OCEAN,500000.0
-119.20729191504074,38.13751384111297,29,2096,1209,3647,978,3.8635425562878947,<1H OCEAN,267086.50091420545
-117.52051309674813,39.49273543182184,3,1525,1032,1253,936,2.256509320809071,ISLAND,113941.93785007135
-123.93160407795206,32.84529282730403,26,8123,722,2474,42,0.5882691991460551,NEAR BAY,150037.53977684357
-123.49868815890014,38.73853298042128,40,6949,1218,3925,1948,7.86399954543191,<1H OCEAN,450307.68065301527
-117.15811318385067,37.54886655270319,12,3347,20,2873,1801,14.975450490538828,INLAND,500000.0
-123.62627326657332,33.5117237335142,2,2692,1942,3335,358,10.576996397870264,NEAR BAY,500000.0
-123.6345824532368,34.16344968206527,11,1590,760,2113,1536,4.9717215834946185,NEAR OCEAN,237163.21296599804
-124.22843090864173,37.88463813774432,44,1324,1129,2029,842,13.214449453879489,NEAR OCEAN,500000.0
-114.74672596107322,35.32872514316004,28,2687,1617,4398,1554,11.834972856825415,NEAR BAY,500000.0
-116.94541607103157,41.36955100660889,18,7814,339,3181,385,0.7235199081098191,ISLAND,147754.86590248113
-120.80335585863928,40.24434555944492,13,3164,1444,3142,1415,12.344476967844825,<1H OCEAN,486966.282086698
-121.37278276387194,41.795367413293576,37,7904,401,4876,934,4.8576379799581915,<1H OCEAN,370969.6799126497
-120.83897957335166,34.983502594523394,22,932,1761,3714,1873,2.6702652364622157,NEAR BAY,15000.0
-116.57247854694093,41.66509938462897,12,2540,1660,2386,1642,3.7817971761875815,INLAND,113811.79479134988
-117.70983906485304,36.59791071473856,2,4895,1361,3664,1262,7.294407163439516,ISLAND,319774.5589747833
-122.49063649861061,35.81015186390243,37,1746,1846,547,494,6.660584942486159,INLAND,337074.50774134824
-122.60194227324578,33.01378904878161,7,540,1293,3867,1466,4.6888658409262876,NEAR BAY,123864.99338702208
-123.36210767687749,33.03652107645886,26,6056,1568,4693,1399,2.9971656720019744,NEAR BAY,264513.5107248941
-117.72056069419857,39.05182591845802,26,9821,1718,181,1503,11.552346449811454,INLAND,500000.0
-116.67569847129377,36.84911183762421,24,2467,1598,907,1546,14.856591864156298,NEAR OCEAN,500000.0
-121.68893385961695,34.671568500999754,12,6796,917,570,46,11.777977916085511,NEAR BAY,500000.0
-124.13971259124963,38.31746058252044,16,5290,1995,79,961,4.791086031237348,ISLAND,289370.81951110327
-123.52499645853666,34.91939489273355,23,4763,1666,3446,821,4.049729940475934,INLAND,224916.71332409515
-114.6326852501559,37.97551480838102,40,7162,736,4654,820,3.6561552029561044,NEAR OCEAN,211167.54094118462
-121.3837344341267,35.92015430910712,9,4431,1939,1310,879,2.4820785800910263,INLAND,189244.78006938082
-116.62699959570514,40.28962645241722,32,9596,1299,1608,1266,8.494292970538368,NEAR OCEAN,500000.0
-118.07837776870319,40.262750872815396,15,3134,326,65,883,9.27830539332349,NEAR OCEAN,467772.59224454884
-120.51532601788492,37.0318672463318,37,9477,1993,3655,709,10.72978857961549,ISLAND,500000.0
-122.28489988755662,35.8412078188425,13,3362,1187,1657,1191,10.363093878538185,NEAR BAY,494643.91537879535
-123.13128036167956,35.95168768562108,5,2207,1701,3567,1467,4.738833013609046,NEAR OCEAN,195137.9074591804
-118.17526980088978,40.121773686537935,11,7136,410,2066,758,5.289509578254275,NEAR BAY,376773.8678881272
-116.5726768423966,35.62816893312553,10,4420,1856,3624,1394,10.381960763913899,ISLAND,500000.0
-117.88520129444704,34.50724870658142,13,6038,1719,1793,1229,5.566990791362611,NEAR BAY,328549.494677839
-119.02576658217845,33.33691729704664,41,2847,1212,3841,434,3.583036249480039,<1H OCEAN,202665.67240092228
-123.92880971674637,36.93158226752229,46,4777,1009,3684,1849,5.9278742286027235,NEAR OCEAN,331315.1933537854
-114.62637267295239,37.07686305083571,50,8072,317,1138,1001,4.445220284880676,ISLAND,362075.9268866787
-116.33090951578808,40.45295096489136,15,4364,252,1411,448,1.7805344576693782,INLAND,81309.99350266576
-121.41006675152231,34.621856133557465,42,3233,1946,3422,60,12.537014083011476,ISLAND,487955.131421614
-114.51109789323715,36.12512788521964,7,1565,290,4523,924,12.870115142777026,NEAR OCEAN,470514.2028346213
-118.30710884005133,40.14709800298964,40,4209,1103,525,1031,3.686379352419752,ISLAND,209396.8624639841
-118.50247651159924,40.29029817714785,28,2311,1339,1339,1436,1.4391968931154253,INLAND,126553.2494897476
-116.8393452785275,36.15919022496021,32,5639,1510,378,722,11.212997841592102,<1H OCEAN,449000.46002936753
-116.19983132757503,36.860357059127665,35,9835,1278,4094,98,3.5671650750194988,NEAR OCEAN,344086.932745144
-117.75895478239171,35.39392023289175,15,1789,696,1889,736,6.204814596834473,NEAR OCEAN,343660.0992808957
-123.06391870648335,41.31534140592573,48,9863,725,1236,1939,1.4299611574420572,ISLAND,268115.97567259235
-120.95379423981524,33.65643783562827,36,7827,253,4583,1833,3.78090897899731,NEAR BAY,206831.77236926171
-115.03204025112646,41.326582070443834,21,7864,1411,3464,1827,11.997083035779719,NEAR BAY,500000.0
-122.09485925708772,38.97518331177058,6,4641,1738,3586,563,12.163748480270426,INLAND,500000.0
-120.61344308067136,37.54209395678214,1,3641,864,1823,1493,3.5027299608718008,<1H OCEAN,195797.360873257
-120.01194809524027,32.84732176198211,4,918,1275,2113,493,5.370750754046998,<1H OCEAN,242278.89115536358
-119.93837390346769,37.015360165045095,11,4621,1916,1894,1185,2.4464570768592817,ISLAND,120485.01915313135
-118.19608659175496,36.37690966807571,44,1224,510,2608,1294,1.5755031391313745,ISLAND,90049.56046922441
-114.88151858904314,34.0570690206859,26,5760,1662,1312,313,14.886489859501937,NEAR BAY,500000.0
-121.93344517320165,38.716814368941186,37,5741,522,3341,629,10.006112293050169,<1H OCEAN,480418.1833335377
-123.13012618193878,41.67853003833557,23,1229,909,1068,155,8.360399383375622,<1H OCEAN,335454.7056062886
-122.36739628180622,37.830196712117186,29,1802,1778,1839,503,11.599728255876844,<1H OCEAN,471647.8895010831
-115.44527400189894,39.26582833133753,21,2101,611,3574,1832,12.681118815471999,INLAND,500000.0
-117.86605944094173,33.184118758646214,48,7012,765,3554,1355,12.197364136648549,INLAND,500000.0
-121.47949583603882,36.47024643063792,45,3978,1424,856,833,0.7398220147032109,ISLAND,70621.20887293057
-116.15789273275509,33.634933345397904,45,7332,1739,2716,574,3.208714523762228,NEAR BAY,300793.10890577006
-115.7018452365111,38.306408812398566,49,6431,447,454,1675,9.99612688070855,NEAR OCEAN,441330.39228866895
-115.85099603954961,41.3711171087952,27,6135,716,643,1775,5.948510543157463,NEAR BAY,369789.9709582478
-115.12397760225888,38.76732846255812,39,6623,665,3999,65,14.745998440386051,INLAND,500000.0
-121.81750015745945,33.262716684638704,40,8211,751,4157,1279,10.148369493254684,INLAND,500000.0
-116.76937903538737,35.87740898890963,13,8836,819,3330,1091,14.369959176573495,ISLAND,500000.0
-119.72618344736763,37.72174240053842,23,2501,383,2262,217,3.4209739838640103,NEAR OCEAN,141031.9672317093
-115.89633452898379,36.3341849852139,16,9581,221,1592,103,13.027376907667835,<1H OCEAN,500000.0
-117.03595360129741,40.384590138571376,30,9074,901,663,562,5.159608434320767,NEAR OCEAN,377582.8196705715
-116.55446763714276,40.206054154321,4,639,165,918,1204,14.848689719448199,NEAR OCEAN,500000.0
-117.76213514968204,38.29732989917132,40,5715,855,861,1471,2.7864857450606357,NEAR OCEAN,291873.2996115856
-122.56861515452414,36.054239263698754,16,3056,658,1872,90,7.986927373155735,ISLAND,395963.5532402981
-118.87792973427474,34.94271527711213,31,8177,1500,4912,539,11.996245740638269,INLAND,500000.0
-114.46391581517393,33.536277334385545,42,3822,154,4227,917,6.77331596875852,<1H OCEAN,268648.6750346151
-114.93862381236893,35.87958720160847,25,5187,645,1794,932,7.287218872720877,NEAR OCEAN,467499.61688779097
-123.916535692598,36.42795338692464,44,6560,1307,2306,1095,14.802159034833245,<1H OCEAN,500000.0
-122.69525925007645,38.899493725229334,12,2270,83,4092,1088,6.666968179366723,NEAR OCEAN,305744.32412437996
-123.02744311451619,38.73328394664017,26,3491,510,3717,312,9.259045458686423,INLAND,417120.3369810988
-117.06116170374763,33.19971759402423,37,7042,1690,571,957,1.2908250797896852,<1H OCEAN,119970.42611584038
-116.13943528823627,36.2593901582072,48,1716,60,1575,831,12.71204616304877,NEAR BAY,500000.0
-122.20634588224085,34.25053914051538,33,9208,1339,1519,1508,9.89843671020338,INLAND,500000.0
-119.27123896276363,34.01560755703114,28,6558,1046,2725,1928,6.358291491510796,<1H OCEAN,355941.73622186406
-115.90934159876755,40.32491322902749,9,2856,932,1563,1593,0.7344583293405365,NEAR OCEAN,59161.71269385856
-116.99267249054684,32.93442218929998,12,6953,1749,4926,886,9.079197898605807,NEAR OCEAN,500000.0
-118.90593845686185,36.48451086223896,5,7809,994,1501,399,0.6835385130203517,INLAND,179837.7112173743
-118.42290918779392,34.12279640076294,28,2036,1153,4704,1026,0.5174524016807597,INLAND,15000.0
-119.24606010896055,40.81449732953445,35,3191,1264,3480,1786,9.433429151165642,NEAR OCEAN,396205.30233180954
-121.36261354875904,37.78175122991808,5,1068,1413,3057,1521,3.2407474763510367,<1H OCEAN,72882.51648451049
-118.67717919169547,34.71729178830614,34,7397,387,3174,281,3.2823694709123816,NEAR BAY,304358.8829553903
-117.4335915674171,37.2678407722356,46,3303,1479,1803,599,9.972437704574784,ISLAND,405812.89304844063
-115.5818379247575,39.423286644806325,34,6599,937,1662,1222,1.2786092251209271,INLAND,152832.59215557663
-117.96163480604835,41.555890463931874,13,5273,1047,3325,376,5.044380641381067,NEAR OCEAN,394752.0611288853
-116.70833976808669,34.61439689994939,39,989,263,605,1462,2.6667625810592765,<1H OCEAN,158289.3052088267
-122.74288078505609,40.87897047573714,42,9084,921,4301,717,8.912557362049741,INLAND,479952.9470800684
-119.71596295682531,41.331801714316086,45,9273,185,2099,1996,10.09559474354724,<1H OCEAN,500000.0
-124.25631053693598,41.163517324046744,48,7482,1069,874,1244,10.956469877186132,INLAND,500000.0
-121.87334420020291,38.519249098070574,14,3631,1438,2899,1945,4.200852645319198,NEAR OCEAN,281781.6045415667
-117.05632438026544,38.4666123582306,11,901,1517,3080,1056,1.7941213987304678,<1H OCEAN,69168.25711426591
-114.3922280884524,36.33421205825977,42,8334,1060,1131,462,1.6409130256575186,NEAR OCEAN,184315.14676706115
-123.35425188014435,39.62006407247865,38,3449,747,3375,745,6.679197452535495,<1H OCEAN,283474.47110165155
-120.31899706875267,37.53947671268227,4,8105,1135,542,1775,14.214743931409368,INLAND,500000.0
-116.31728747426044,38.914692250258256,33,3301,502,4814,305,3.657070996581857,ISLAND,257953.90317893628
-122.30148222832585,36.571788875217166,7,449,562,124,1799,4.222753219452465,ISLAND,196510.1509250704
-118.77694710900505,39.42338172664594,41,9859,1248,3041,1911,1.9628876305349545,NEAR BAY,254063.47172491887
-116.98996418786207,40.29827698065881,8,9421,1545,3410,1301,9.280768971461988,NEAR BAY,469783.57044831844
-118.1655060793878,33.9179651746325,37,683,950,420,589,10.358156672234037,NEAR OCEAN,396018.72701542167
-122.46223166446121,40.37786862355349,51,3477,419,4732,1591,9.822502518331019,<1H OCEAN,399838.43182122376
-120.78193893039517,37.62419036414679,10,6128,1250,378,859,12.986388524149328,NEAR BAY,500000.0
-116.4807304837666,40.488306204539015,43,7794,638,4735,1984,7.55317460787804,INLAND,438082.7914420669
-118.78556579811455,36.59854905666895,15,6296,1189,1840,1533,2.4496270911224345,ISLAND,238924.08913786476
-124.29749468002915,36.10677096745436,38,7183,898,826,517,4.696374395213984,<1H OCEAN,314332.1568380887
-116.70965276931794,41.15072149298707,15,3501,120,2072,1948,10.105234614609602,ISLAND,495713.65944227413
-123.9954739964,34.90350280763046,5,3285,899,4724,1937,9.390268619252618,<1H OCEAN,477219.445917023
-116.86283282137843,40.48403798094261,29,5385,849,4366,724,8.199545381272955,NEAR BAY,500000.0
-122.317095175941,37.094633587313496,19,9454,1923,1237,1376,10.402984070985964,NEAR BAY,500000.0
-114.73094225960142,37.377638114407354,51,6872,1284,1553,581,9.74216733041284,NEAR OCEAN,500000.0
-120.65587485692707,35.44268652881605,10,8590,1966,3341,51,13.2792108972418,<1H OCEAN,500000.0
-121.06760657196568,37.93232710782494,12,3447,778,3375,1653,8.9972374734353,INLAND,399923.3157821821
-122.85516397466225,35.60023735695915,4,888,182,237,62,11.789719701158068,NEAR BAY,464011.58710972144
-121.28173367647824,32.909525188013944,31,5045,1927,1264,1936,4.106253761513784,NEAR OCEAN,288695.2719600276
-115.54842635124487,35.09950687629039,18,2989,1216,3336,1394,10.333647476541486,NEAR BAY,458295.7874139959
-114.34680325022244,32.600026798456014,16,9669,521,3496,1377,13.581814716548799,ISLAND,500000.0
-120.65217231371123,41.746318546205025,40,5373,566,1159,1865,6.093118754547582,NEAR BAY,384417.02965174743
-119.84594926521639,41.627681244403824,36,3372,1327,2571,578,11.797010716410377,<1H OCEAN,500000.0
-117.10040778044453,36.25841134921439,25,9169,1402,4989,289,11.009444867333814,NEAR OCEAN,500000.0
-115.45259436413065,39.39396973933607,23,5334,400,3929,1987,1.3631298546414259,<1H OCEAN,104796.52258140653
-118.39583488476468,35.7940353860421,12,9869,889,580,1866,8.931870489549048,INLAND,500000.0
-120.41908199029459,38.85498660817903,34,7002,924,1120,1456,2.3877455634116345,INLAND,211348.35569100842
-120.20727671787982,40.11909670506267,36,7712,1954,3186,962,14.526127997343572,NEAR BAY,500000.0
-117.36599380917205,41.448976262553984,37,2592,1576,1012,1618,12.265408789159515,NEAR OCEAN,500000.0
-124.31768863341304,36.30599751574542,3,6845,1863,1455,1062,2.0909951180832413,NEAR OCEAN,221459.65808030963
-118.1293230519032,39.91083401961641,9,9674,1206,3187,1390,2.2654039658913367,NEAR OCEAN,315241.8541206131
-120.78085017516877,35.042386720448235,18,4340,1021,566,1948,9.119870896232975,NEAR OCEAN,476159.8729565186
-116.37625879397808,41.85902697869823,43,2422,628,3214,1656,5.500893025511158,NEAR BAY,337985.34653156647
-123.41637397617575,32.78249192437254,35,5398,326,1541,56,1.0061349565600846,<1H OCEAN,181579.57873401596
-118.44444923983816,38.21920606917555,34,1961,1382,3739,1662,8.353801863579271,NEAR BAY,490519.41166617593
-119.52103218554332,38.74595128733899,41,6720,74,4278,111,6.12375394544478,<1H OCEAN,401824.78280336264
-117.90105171991152,39.01450869206755,14,4147,1002,4459,1863,1.9656091393902684,ISLAND,226519.54377833233
-123.69886991139099,33.67284711640533,4,7681,352,640,204,12.127845687711748,ISLAND,500000.0
-118.52696277422156,41.371565262482164,29,7420,146,1593,747,13.768613096542687,<1H OCEAN,500000.0
-118.71269473688638,34.24493465586128,41,1198,1983,3106,1071,11.470612043204884,NEAR BAY,465399.6790982169
-118.72097265206165,38.40010952448691,45,5347,724,2256,1591,12.42512349523602,INLAND,500000.0
-118.29098382737159,34.63538190454823,50,1834,262,3389,391,3.639113225358702,NEAR BAY,226840.46566006538
-117.55826191024732,35.43090648417016,15,4763,1904,2758,851,4.321807788319715,INLAND,271465.7844613228
-116.26791044320507,37.68217487766165,28,6009,619,4079,1573,3.5236493343382222,NEAR BAY,335909.5321936398
-121.64099996991273,36.46579006869266,42,3516,1891,797,364,11.593419754800678,NEAR OCEAN,500000.0
-116.06650392179218,34.04772290518893,16,6402,1452,850,1462,14.244797644550207,NEAR OCEAN,500000.0
-119.34751295007493,34.148511546780185,12,7693,522,1547,1239,10.894139497641588,ISLAND,500000.0
-123.5763348774913,36.47474245661195,5,780,1770,1429,97,13.281268090753562,ISLAND,500000.0
-123.76214867039045,39.666032825572465,34,8263,623,729,186,9.761136875806002,<1H OCEAN,500000.0
-120.99424728029155,40.98984732683769,42,2170,322,3820,1133,6.1210685581025865,INLAND,289947.9238184654
-116.46963434980087,33.33164130186079,1,6768,1507,3392,283,6.673543416489425,NEAR OCEAN,380175.90585196496
-117.2448834152012,36.23910777013396,39,8101,254,946,1515,1.59216076642737,NEAR BAY,237355.7216626465
-116.43230575468904,33.48331075463227,32,2291,1739,1596,1251,0.9561293310673782,<1H OCEAN,104249.50850140888
-119.15661867332624,32.696135242752746,26,8959,1081,3176,743,10.584396260741622,NEAR BAY,479829.1050886974
-119.93040206052687,38.766772803679636,17,9904,158,733,1314,6.857218934162119,NEAR OCEAN,497436.93663826265
-122.86957663186891,38.20904924890559,48,7686,214,1345,1306,8.507118486792129,NEAR OCEAN,500000.0
-121.05494475376251,34.07400986099808,27,8972,1570,1435,1549,8.586088090525037,NEAR OCEAN,500000.0
-119.9924455636143,34.74017875940574,24,9264,1812,992,1828,4.52194929333287,NEAR OCEAN,304357.94060227025
-123.46045168601664,32.76308996179492,35,2946,666,3330,531,7.400441407027615,NEAR BAY,304062.45798675215
-122.13505599477944,40.39685320558434,46,2563,20,1083,1897,7.326023214181683,<1H OCEAN,354764.58678230946
-118.34381804760007,41.71183850881687,42,6937,580,2836,1769,6.132194707803927,NEAR OCEAN,348381.49088302796
-116.96394233303853,33.81467424123804,39,5022,1139,2283,1929,12.399793059315522,ISLAND,500000.0
-114.32659098561479,34.718181761531454,26,4492,732,3695,595,7.041878053470141,<1H OCEAN,350844.8403698846
-114.98154215331068,40.71173362034065,49,3283,432,1670,1567,9.252845605336823,ISLAND,417782.81902832893
-117.89864539666668,41.258024338767704,38,3267,557,3585,741,13.485041745521977,NEAR BAY,500000.0
-120.12066954492751,36.48869367221209,23,3097,1898,3255,1355,13.060387531454376,NEAR OCEAN,500000.0
-117.96277925832935,33.016357464051985,22,6621,448,2932,1217,13.411121954797895,<1H OCEAN,500000.0
-116.46205775447447,32.91067715504943,4,3327,254,4954,450,4.415072448742702,NEAR OCEAN,170711.518325228
-123.16190464312919,37.94086823970939,49,6664,368,220,787,1.007246080466911,NEAR OCEAN,100333.94926780187
-120.23455490744927,36.237142974684815,9,2124,1799,1603,482,4.285468598482273,<1H OCEAN,217474.18652156362
-115.91838505221841,32.80961934350573,4,429,1913,3947,120,4.541256511500276,NEAR OCEAN,265512.4191394099
-120.49631716259223,38.028405011661164,7,2586,1524,1645,1059,13.685724737512036,NEAR OCEAN,500000.0
-118.60840239687904,32.6463568693027,23,1255,1882,1673,1752,9.914019626150575,INLAND,482791.7170722971
-118.44879561694353,39.94917012618466,2,4577,415,4172,1301,1.684707414232317,INLAND,68675.2833125386
-122.49785841853826,35.423532861638726,49,2285,1394,1141,1939,2.4629896421609665,<1H OCEAN,73789.54743680048
-120.71315616581103,32.91882780831688,24,7186,435,2887,263,2.7573038203586435,<1H OCEAN,254544.66198133188
-120.991506661031,38.07639439945147,40,2417,1929,457,1391,9.641115348449386,NEAR OCEAN,475795.71571911965
-124.08698504633806,36.282210339815045,31,3721,935,4219,1292,11.163503369851545,ISLAND,500000.0
-124.10711469053079,41.70346188969078,47,4591,1930,729,124,12.964836703198245,<1H OCEAN,500000.0
-115.99976168149523,37.66090941415984,31,2611,1094,4994,713,14.139229986690525,NEAR OCEAN,500000.0
-121.60836906787296,35.130000693558245,47,7942,100,286,1710,3.424716082103406,ISLAND,291761.20768857683
-119.1484891869623,39.2158197162057,40,8741,55,2824,1330,4.991701028498712,INLAND,413374.4277580745
-121.35079524116871,35.094739743926915,48,9646,1110,3487,1212,3.9846817708000444,<1H OCEAN,322053.3929555107
-114.90558037904198,41.04892937214519,51,7948,660,3407,1463,5.702042728258998,NEAR OCEAN,309854.8247643536
-121.74666054098763,36.06613374247441,43,5504,901,2927,1090,13.762644057644366,INLAND,500000.0
-120.0362456001011,37.71426317572409,34,5493,1710,2473,1086,8.839132220620742,NEAR BAY,486907.6331148459
-115.5877882851346,33.01589290698599,24,1393,776,4764,1364,11.203782511205237,INLAND,413730.0829688939
-115.89698698941024,36.54980084913049,49,2565,642,3197,837,7.606728923838339,NEAR OCEAN,322160.52109395585
-122.48154176482338,40.37254090820996,26,3275,1723,1082,240,0.9184397433738056,ISLAND,136541.94604066206
-116.29146116965107,40.12115525846905,16,7949,1524,2904,1556,1.4308345469683077,NEAR BAY,226515.16228405267
-119.74980365715156,34.65083763881168,47,9525,487,2990,1755,8.299883953384343,NEAR BAY,500000.0
-119.50099252426303,34.66740405820939,13,9729,1185,3751,1484,10.922441004890372,NEAR BAY,500000.0
-123.00986107694392,40.23084298792656,15,8544,375,4120,163,3.6222926491666065,<1H OCEAN,386928.05172174325
-123.54076080187846,41.295049133793356,27,8310,728,3182,909,10.967688822888409,NEAR OCEAN,500000.0
-117.0414893579834,33.43734626917896,4,2859,1514,3510,1071,12.25465371551093,NEAR BAY,428993.26296856103
-119.36553003035279,36.77505179700078,16,5355,1664,4992,1897,6.472513436250613,INLAND,371347.4844444455
-119.96401894574359,35.7154447650534,30,8514,1039,1973,1893,11.323078876239522,ISLAND,500000.0
-117.02573738432994,40.733178365854506,44,102,1931,683,809,6.358434279762669,NEAR OCEAN,271231.20651558565
-116.66425049412926,33.325969447138974,30,8230,1634,4153,572,10.33608412709779,INLAND,500000.0
-122.75456199659969,34.526695119471135,36,1359,921,1442,863,11.577957215133374,<1H OCEAN,392612.3550272816
-118.22333949924447,39.620727056688914,3,8290,692,3496,678,14.882935965467606,NEAR BAY,500000.0
-122.99104501393204,33.02267511891324,22,4423,458,3148,1900,5.5082515999221435,INLAND,281012.5070776386
-116.80619413626839,37.174757932521466,49,5873,550,4994,1733,6.460091318331866,NEAR OCEAN,342904.10269854404
-117.75417023107792,36.700227196336165,22,2668,146,111,1870,2.9014908614474844,INLAND,200017.8171782791
-114.74558920432209,35.686715094284125,50,1985,224,2519,856,3.4590593468262,<1H OCEAN,161391.2217030072
-123.65766151578153,36.252925487151074,50,7160,48,1867,1038,10.554227537676477,ISLAND,500000.0
-123.77717059964141,37.52674092301349,49,7944,464,682,1973,13.797161057239903,NEAR BAY,500000.0
-121.51684177008026,34.05846684243468,12,6211,985,4937,1210,6.221771799087988,NEAR OCEAN,433885.0813701993
